Company,Domain,Website,City,State,Trade,Revenue,Employees,Industry,Lifecycle Status,Qualification Decision,Qualification Reason,Fit Score,First Seen,Last Reviewed,Next Review,Approved At,HubSpot Company ID,Sequence Status,Meeting Status,Customer Status,Source Profile,Notes
1st Choice Plumbing,njplumbingchoice.com,www.njplumbingchoice.com,Lodi,New Jersey,Plumbing,39716000,184,,Rejected,REJECT,State outside target geography: New Jersey,0.0,2026-07-13T21:50:35.870860+00:00,2026-07-13T21:50:35.870860+00:00,2027-01-09T21:50:35.870876+00:00,,,,,,Default,
20/20 Plumbing & Heating,2020ph.com,www.2020ph.com,Riverside,California,Plumbing,317686000,900,,Synced to HubSpot,REJECT,Already exists in imported HubSpot company index (Exact normalized company name; record 54113101999; source all-companies.csv).,0.0,2026-07-13T21:38:49.589647+00:00,2026-07-13T21:38:49.589647+00:00,,,,,,,Default,
3S Services,3sservices.com,www.3sservices.com,Carrizo Springs,Texas,Electrical,70978000,250,,Qualified,ACCEPT,official-site residential home-service evidence | revenue $25M+ | target employee scale | current growth signals,86.0,2026-07-13T21:56:41.266113+00:00,2026-07-13T21:56:41.266113+00:00,,,,,,,Default,
5 Points Electrical,5pointselectrical.com,www.5pointselectrical.com,Norcross,Georgia,Electrical,70018000,110,,Rejected,REJECT,State outside target geography: Georgia,0.0,2026-07-13T21:57:26.838035+00:00,2026-07-13T21:57:26.838035+00:00,2027-01-09T21:57:26.838049+00:00,,,,,,Default,
A-C Electric,a-celectric.com,www.a-celectric.com,Bakersfield,California,Electrical,232001000,300,,Synced to HubSpot,REJECT,Already exists in imported HubSpot company index (Exact normalized company name; record 39366474542; source all-companies.csv).,0.0,2026-07-13T21:52:06.488087+00:00,2026-07-13T21:52:06.488087+00:00,,,,,,,Default,
A.B. May,abmay.com,www.abmay.com,Kansas City,Missouri,Plumbing,56766000,272,,Synced to HubSpot,REJECT,Already exists in imported HubSpot company index (Exact normalized company name; record 55013787511; source all-companies.csv).,0.0,2026-07-13T21:46:27.235782+00:00,2026-07-13T21:46:27.235782+00:00,,,,,,,Default,
A.J. Perri,ajperri.com,www.ajperri.com,Tinton Falls,New Jersey,Plumbing,58671000,278,,Synced to HubSpot,REJECT,Already exists in imported HubSpot company index (Exact normalized company name; record 54043051686; source all-companies.csv).,0.0,2026-07-13T21:46:18.174536+00:00,2026-07-13T21:46:18.174536+00:00,,,,,,,Default,
AAA AUGER Plumbing Services,aaa-auger.com,www.aaa-auger.com,San Antonio,Texas,Plumbing,89113000,83,,Synced to HubSpot,REJECT,Already exists in imported HubSpot company index (Exact normalized company name; record 56566253896; source all-companies.csv).,0.0,2026-07-13T21:42:17.526488+00:00,2026-07-13T21:42:17.526488+00:00,,,,,,,Default,
ABC Home & Commercial Services,abchomeandcommercial.com,www.abchomeandcommercial.com,Austin,Texas,Pest Control,219360000,948,,Qualified,ACCEPT,official-site residential home-service evidence | revenue $25M+ | target employee scale | current growth signals,86.0,2026-07-13T21:59:08.034004+00:00,2026-07-13T21:59:08.034004+00:00,,,,,,,Default,
ACC Plumbing,accplumbing.com,www.accplumbing.com,Henderson,Nevada,Plumbing,68545000,300,,Rejected,REJECT,official-site residential home-service evidence | revenue $25M+ | target employee scale | excluded business-model evidence,28.0,2026-07-13T21:43:40.124825+00:00,2026-07-13T21:43:40.124825+00:00,2027-01-09T21:43:40.124839+00:00,,,,,,Default,
ACE Home Services,acehomeaz.com,www.acehomeaz.com,Phoenix,Arizona,Plumbing,107911000,483,,Qualified,ACCEPT,official-site residential home-service evidence | revenue $25M+ | target employee scale | visible marketing maturity,85.0,2026-07-13T21:41:10.563568+00:00,2026-07-13T21:41:10.563568+00:00,,,,,,,Default,
APEX Plumbing,apexplumbing.com,www.apexplumbing.com,Arvada,Colorado,Plumbing,54105000,85,,Synced to HubSpot,REJECT,Already exists in imported HubSpot company index (Exact normalized company name; record 39371629347; source all-companies.csv).,0.0,2026-07-13T21:46:39.329637+00:00,2026-07-13T21:46:39.329637+00:00,,,,,,,Default,
APG Electric,apg.company,apg.company,Clearwater,Florida,Electrical,155627000,394,,Rejected,REJECT,State outside target geography: Florida,0.0,2026-07-13T21:53:26.620500+00:00,2026-07-13T21:53:26.620500+00:00,2027-01-09T21:53:26.620514+00:00,,,,,,Default,
APIC Solutions,apicmsi.com,www.apicmsi.com,Albuquerque,New Mexico,Electrical,85295000,134,,Rejected,REJECT,revenue $25M+ | target employee scale,28.0,2026-07-13T21:54:50.991590+00:00,2026-07-13T21:54:50.991590+00:00,2027-01-09T21:54:50.991605+00:00,,,,,,Default,
ATKINS,atkinsinc.com,www.atkinsinc.com,Columbia,Missouri,Pest Control,230796000,500,,Rejected,REJECT,State outside target geography: Missouri,0.0,2026-07-13T21:58:52.529796+00:00,2026-07-13T21:58:52.529796+00:00,2027-01-09T21:58:52.529810+00:00,,,,,,Default,
Able Plumbing,ableplumbingllc.com,www.ableplumbingllc.com,Lake Charles,Louisiana,Plumbing,114921000,500,,Rejected,REJECT,State outside target geography: Louisiana,0.0,2026-07-13T21:40:54.685357+00:00,2026-07-13T21:40:54.685357+00:00,2027-01-09T21:40:54.685377+00:00,,,,,,Default,
Adams Electric,adams-electric.com,www.adams-electric.com,Greensboro,North Carolina,Electrical,128971000,600,,Synced to HubSpot,REJECT,Already exists in imported HubSpot company index (Exact normalized company name; record 39354143363; source all-companies.csv).,0.0,2026-07-13T21:53:40.263269+00:00,2026-07-13T21:53:40.263269+00:00,,,,,,,Default,
"Adeedo Drain, Plumbing, Heating, & Air",adeedo.com,www.adeedo.com,Los Angeles,California,Plumbing,39935000,730,,Synced to HubSpot,REJECT,Already exists in imported HubSpot company index (Exact normalized company name; record 54268278054; source all-companies.csv).,0.0,2026-07-13T21:50:35.830205+00:00,2026-07-13T21:50:35.830205+00:00,,,,,,,Default,
Advance Mechanical Systems,advmech.com,www.advmech.com,Arlington Heights,Illinois,Plumbing,75209000,300,,Rejected,REJECT,State outside target geography: Illinois,0.0,2026-07-13T21:42:32.022130+00:00,2026-07-13T21:42:32.022130+00:00,2027-01-09T21:42:32.022144+00:00,,,,,,Default,
Air Assurance,airassurance.com,www.airassurance.com,Broken Arrow,Oklahoma,Plumbing,40548000,147,,Synced to HubSpot,REJECT,Already exists in imported HubSpot company index (Exact normalized company name; record 31901864327; source all-companies.csv).,0.0,2026-07-13T21:50:35.793313+00:00,2026-07-13T21:50:35.793313+00:00,,,,,,,Default,
Air Group,airgroupllc.com,www.airgroupllc.com,Whippany,New Jersey,Plumbing,74328000,100,,Synced to HubSpot,REJECT,Already exists in imported HubSpot company index (Exact normalized company name; record 54189775174; source all-companies.csv).,0.0,2026-07-13T21:42:32.034446+00:00,2026-07-13T21:42:32.034446+00:00,,,,,,,Default,
Air Systems,airsystemsinc.com,www.airsystemsinc.com,San Jose,California,Electrical,222630000,500,,Rejected,REJECT,State outside target geography: California,0.0,2026-07-13T21:52:06.505063+00:00,2026-07-13T21:52:06.505063+00:00,2027-01-09T21:52:06.505074+00:00,,,,,,Default,
AirMakers,airmakers.com,www.airmakers.com,Raleigh,North Carolina,Plumbing,47103000,74,,Synced to HubSpot,REJECT,Already exists in imported HubSpot company index (Exact normalized company name; record 54925368890; source all-companies.csv).,0.0,2026-07-13T21:49:12.900172+00:00,2026-07-13T21:49:12.900172+00:00,,,,,,,Default,
Airco Service,aircoservice.com,www.aircoservice.com,Tulsa,Oklahoma,Plumbing,63566000,272,,Synced to HubSpot,REJECT,Already exists in imported HubSpot company index (Exact normalized company name; record 55326189409; source all-companies.csv).,0.0,2026-07-13T21:43:40.278401+00:00,2026-07-13T21:43:40.278401+00:00,,,,,,,Default,
Airo Mechanical,airomechanical.com,www.airomechanical.com,Mooresville,North Carolina,Plumbing,114575000,180,,Rejected,REJECT,State outside target geography: North Carolina,0.0,2026-07-13T21:40:54.708621+00:00,2026-07-13T21:40:54.708621+00:00,2027-01-09T21:40:54.708635+00:00,,,,,,Default,
All Star Electric,allstar-electric.com,www.allstar-electric.com,La Place,Louisiana,Electrical,78857000,256,,Rejected,REJECT,State outside target geography: Louisiana,0.0,2026-07-13T21:55:11.608554+00:00,2026-07-13T21:55:11.608554+00:00,2027-01-09T21:55:11.608568+00:00,,,,,,Default,
Allbritten,allbritten.com,www.allbritten.com,Fresno,California,Plumbing,72728000,109,,Synced to HubSpot,REJECT,Already exists in imported HubSpot company index (Exact normalized company name; record 56286908319; source all-companies.csv).,0.0,2026-07-13T21:42:33.928009+00:00,2026-07-13T21:42:33.928009+00:00,,,,,,,Default,
Alpha Energy Solution,alphamechanicalservice.com,www.alphamechanicalservice.com,Louisville,Kentucky,Plumbing,127305000,200,,Rejected,REJECT,State outside target geography: Kentucky,0.0,2026-07-13T21:40:39.518945+00:00,2026-07-13T21:40:39.518945+00:00,2027-01-09T21:40:39.518959+00:00,,,,,,Default,
Alta Pest Control,altapestcontrol.com,www.altapestcontrol.com,Austin,Texas,Pest Control,57178000,279,,Qualified,ACCEPT,official-site residential home-service evidence | revenue $25M+ | target employee scale,83.0,2026-07-13T22:04:23.796990+00:00,2026-07-13T22:04:23.796990+00:00,,,,,,,Default,
American Plumbing Professionals,americanplumbing.com,www.americanplumbing.com,Tunnel Hill,Georgia,Plumbing,87841000,138,,Synced to HubSpot,REJECT,Already exists in imported HubSpot company index (Exact normalized company name; record 56131077554; source all-companies.csv).,0.0,2026-07-13T21:42:17.541283+00:00,2026-07-13T21:42:17.541283+00:00,,,,,,,Default,
Amteck,amteck.com,www.amteck.com,Lexington,Kentucky,Electrical,425834000,783,,Rejected,REJECT,State outside target geography: Kentucky,0.0,2026-07-13T21:51:20.897517+00:00,2026-07-13T21:51:20.897517+00:00,2027-01-09T21:51:20.897544+00:00,,,,,,Default,
Anchor Mechanical,anchormech.com,www.anchormech.com,Forest Hill,Maryland,Plumbing,136853000,215,,Rejected,REJECT,State outside target geography: Maryland,0.0,2026-07-13T21:40:39.446946+00:00,2026-07-13T21:40:39.446946+00:00,2027-01-09T21:40:39.446959+00:00,,,,,,Default,
Andersen Commercial Plumbing,andersenplumbing.com,www.andersenplumbing.com,La Verne,California,Plumbing,95479000,150,,Synced to HubSpot,REJECT,Already exists in imported HubSpot company index (Exact normalized company name; record 39353060104; source all-companies.csv).,0.0,2026-07-13T21:41:56.561573+00:00,2026-07-13T21:41:56.561573+00:00,,,,,,,Default,
Anderson Pest Solutions,andersonpestsolutions.com,www.andersonpestsolutions.com,Libertyville,Illinois,Pest Control,63033000,341,,Rejected,REJECT,State outside target geography: Illinois,0.0,2026-07-13T22:03:06.499792+00:00,2026-07-13T22:03:06.499792+00:00,2027-01-09T22:03:06.499808+00:00,,,,,,Default,
Anderson Power Services,andersonpowerservices.com,www.andersonpowerservices.com,Douglasville,Georgia,Electrical,71291000,112,,Rejected,REJECT,State outside target geography: Georgia,0.0,2026-07-13T21:56:28.796787+00:00,2026-07-13T21:56:28.796787+00:00,2027-01-09T21:56:28.796799+00:00,,,,,,Default,
Andy J. Egan,andyegan.com,www.andyegan.com,Grand Rapids,Michigan,Plumbing,65487000,268,,Rejected,REJECT,State outside target geography: Michigan,0.0,2026-07-13T21:43:40.166795+00:00,2026-07-13T21:43:40.166795+00:00,2027-01-09T21:43:40.166811+00:00,,,,,,Default,
Apex Pest Control,apexpest.com,www.apexpest.com,Rockledge,Florida,Pest Control,104294000,188,,Rejected,REJECT,State outside target geography: Florida,0.0,2026-07-13T22:02:54.247474+00:00,2026-07-13T22:02:54.247474+00:00,2027-01-09T22:02:54.247486+00:00,,,,,,Default,
Appleton Campbell,appletoncampbell.com,www.appletoncampbell.com,Warrenton,Virginia,Plumbing,95479000,150,,Rejected,REJECT,State outside target geography: Virginia,0.0,2026-07-13T21:41:56.573479+00:00,2026-07-13T21:41:56.573479+00:00,2027-01-09T21:41:56.573491+00:00,,,,,,Default,
Area Energy & Electric,areaelectric.com,www.areaelectric.com,Marysville,Ohio,Electrical,83353000,324,,Rejected,REJECT,State outside target geography: Ohio,0.0,2026-07-13T21:54:51.047480+00:00,2026-07-13T21:54:51.047480+00:00,2027-01-09T21:54:51.047491+00:00,,,,,,Default,
Atlantic Constructors,acibuilds.com,www.acibuilds.com,Richmond,Virginia,Electrical,445567000,700,,Rejected,REJECT,State outside target geography: Virginia,0.0,2026-07-13T21:51:11.292930+00:00,2026-07-13T21:51:11.292930+00:00,2027-01-09T21:51:11.292940+00:00,,,,,,Default,
Auburn Mechanical,auburnmechanical.com,www.auburnmechanical.com,Auburn,Washington,Plumbing,58282000,200,,Synced to HubSpot,REJECT,Already exists in imported HubSpot company index (Exact normalized company name; record 39350113194; source all-companies.csv).,0.0,2026-07-13T21:46:18.180135+00:00,2026-07-13T21:46:18.180135+00:00,,,,,,,Default,
Axsom Air,axsomair.com,www.axsomair.com,Natchitoches,Louisiana,Plumbing,52138000,114,,Rejected,REJECT,State outside target geography: Louisiana,0.0,2026-07-13T21:46:39.364231+00:00,2026-07-13T21:46:39.364231+00:00,2027-01-09T21:46:39.364244+00:00,,,,,,Default,
B&B Electrical & Utility Contractors,bbecon.com,www.bbecon.com,Canton,Mississippi,Electrical,117651000,351,,Rejected,REJECT,State outside target geography: Mississippi,0.0,2026-07-13T21:54:13.441848+00:00,2026-07-13T21:54:13.441848+00:00,2027-01-09T21:54:13.441866+00:00,,,,,,Default,
B&D Industries,banddindustries.com,www.banddindustries.com,Albuquerque,New Mexico,Electrical,73665000,354,,Synced to HubSpot,REJECT,Already exists in imported HubSpot company index (Exact normalized company name; record 53541313684; source all-companies.csv).,0.0,2026-07-13T21:42:33.912351+00:00,2026-07-13T21:55:39.842595+00:00,,,,,,,Default,
B&I,bandiflorida.com,www.bandiflorida.com,Fort Myers,Florida,Electrical,130263000,695,,Synced to HubSpot,REJECT,Already exists in imported HubSpot company index (Exact normalized company name; record 53539429653; source all-companies.csv).,0.0,2026-07-13T21:40:39.471247+00:00,2026-07-13T21:53:40.244494+00:00,,,,,,,Default,
BCH Mechanical,bchmechanical.com,www.bchmechanical.com,Largo,Florida,Plumbing,58144000,351,,Synced to HubSpot,REJECT,Already exists in imported HubSpot company index (Exact normalized company name; record 39366158415; source all-companies.csv).,0.0,2026-07-13T21:46:18.196953+00:00,2026-07-13T21:46:18.196953+00:00,,,,,,,Default,
BCI Integrated Solutions,bcifl.net,www.bcifl.net,Tampa,Florida,Electrical,350089000,550,,Rejected,REJECT,State outside target geography: Florida,0.0,2026-07-13T21:51:20.989709+00:00,2026-07-13T21:51:20.989709+00:00,2027-01-09T21:51:20.989722+00:00,,,,,,Default,
BESCO,besco.com,www.besco.com,Knoxville,Tennessee,Electrical,144947000,735,,Synced to HubSpot,REJECT,Already exists in imported HubSpot company index (Exact normalized company name; record 54923352408; source all-companies.csv).,0.0,2026-07-13T21:53:40.181857+00:00,2026-07-13T21:53:40.181857+00:00,,,,,,,Default,
BJ Baldwin,bjbaldwin.com,www.bjbaldwin.com,Narvon,Pennsylvania,Electrical,94753000,370,,Rejected,REJECT,State outside target geography: Pennsylvania,0.0,2026-07-13T21:54:40.182977+00:00,2026-07-13T21:54:40.182977+00:00,2027-01-09T21:54:40.182990+00:00,,,,,,Default,
Bailiwick,bailiwick.com,www.bailiwick.com,Chaska,Minnesota,Electrical,131120000,333,,Rejected,REJECT,State outside target geography: Minnesota,0.0,2026-07-13T21:53:40.225767+00:00,2026-07-13T21:53:40.225767+00:00,2027-01-09T21:53:40.225779+00:00,,,,,,Default,
Baker Electric,bakerelectric.com,www.bakerelectric.com,Des Moines,Iowa,Electrical,86318000,337,,Synced to HubSpot,REJECT,Already exists in imported HubSpot company index (Exact normalized company name; record 39353211943; source all-companies.csv).,0.0,2026-07-13T21:54:40.287155+00:00,2026-07-13T21:54:40.287155+00:00,,,,,,,Default,
Bassett Mechanical,bassettmechanical.com,www.bassettmechanical.com,Kaukauna,Wisconsin,Plumbing,80849000,302,,Rejected,REJECT,State outside target geography: Wisconsin,0.0,2026-07-13T21:42:17.615173+00:00,2026-07-13T21:42:17.615173+00:00,2027-01-09T21:42:17.615187+00:00,,,,,,Default,
"Bayonet Plumbing , Heating & Air Conditioning",bayonet-inc.com,www.bayonet-inc.com,Hudson,Florida,Plumbing,108831000,513,,Synced to HubSpot,REJECT,Already exists in imported HubSpot company index (Exact normalized company name; record 55219424023; source all-companies.csv).,0.0,2026-07-13T21:40:54.757676+00:00,2026-07-13T21:40:54.757676+00:00,,,,,,,Default,
Bell Brothers,bellbroshvac.com,www.bellbroshvac.com,Mather,California,Plumbing,41437000,138,,Rejected,REJECT,State outside target geography: California,0.0,2026-07-13T21:49:59.705704+00:00,2026-07-13T21:49:59.705704+00:00,2027-01-09T21:49:59.705719+00:00,,,,,,Default,
Benfield Electric,benfieldinc.com,www.benfieldinc.com,Aberdeen,Maryland,Electrical,127304000,132,,Rejected,REJECT,State outside target geography: Maryland,0.0,2026-07-13T21:53:40.348565+00:00,2026-07-13T21:53:40.348565+00:00,2027-01-09T21:53:40.348578+00:00,,,,,,Default,
Benjamin Franklin Plumbing,benjaminfranklinplumbing.com,www.benjaminfranklinplumbing.com,Hamburg,New York,Plumbing,111897000,448,,Synced to HubSpot,REJECT,Already exists in imported HubSpot company index (Exact normalized company name; record 54175694143; source all-companies.csv).,0.0,2026-07-13T21:40:54.726180+00:00,2026-07-13T21:40:54.726180+00:00,,,,,,,Default,
Berg Enterprises,bergenterprises.com,www.bergenterprises.com,Phoenix,Arizona,Plumbing,61107000,96,,Qualified,ACCEPT,official-site residential home-service evidence | revenue $25M+ | target employee scale | current growth signals,89.0,2026-07-13T21:44:03.465521+00:00,2026-07-13T21:44:03.465521+00:00,,,,,,,Default,
Berkeys,berkeys.com,www.berkeys.com,Southlake,Texas,Electrical,133200000,112,,Synced to HubSpot,REJECT,Already exists in imported HubSpot company index (Exact normalized company name; record 53557220407; source all-companies.csv).,0.0,2026-07-13T21:40:39.454027+00:00,2026-07-13T21:53:40.213127+00:00,,,,,,,Default,
Blind & Sons,blindandsons.com,www.blindandsons.com,Barberton,Ohio,Plumbing,53468000,84,,Synced to HubSpot,REJECT,Already exists in imported HubSpot company index (Exact normalized company name; record 54700953894; source all-companies.csv).,0.0,2026-07-13T21:46:39.335693+00:00,2026-07-13T21:46:39.335693+00:00,,,,,,,Default,
Blue Diamond Group,bluediamondfm.com,www.bluediamondfm.com,Tucson,Arizona,Pest Control,58817000,30,,Qualified,ACCEPT,official-site residential home-service evidence | revenue $25M+ | target employee scale | current growth signals,86.0,2026-07-13T22:03:23.363699+00:00,2026-07-13T22:03:23.363699+00:00,,,,,,,Default,
Blue Frog Plumbing,bluefrogfranchise.com,www.bluefrogfranchise.com,Arlington,Texas,Plumbing,59562000,214,,Qualified,ACCEPT,official-site residential home-service evidence | revenue $25M+ | target employee scale | current growth signals,86.0,2026-07-13T21:45:42.987365+00:00,2026-07-13T21:45:42.987365+00:00,,,,,,,Default,
Bluestone Communications,bluestonecomm.com,www.bluestonecomm.com,Wilmington,Delaware,Electrical,129851000,204,,Rejected,REJECT,State outside target geography: Delaware,0.0,2026-07-13T21:53:40.256630+00:00,2026-07-13T21:53:40.256630+00:00,2027-01-09T21:53:40.256644+00:00,,,,,,Default,
Bonney Plumbing,bonney.com,www.bonney.com,Rancho Cordova,California,Plumbing,102481000,98,,Rejected,REJECT,State outside target geography: California,0.0,2026-07-13T21:41:56.534789+00:00,2026-07-13T21:41:56.534789+00:00,2027-01-09T21:41:56.534804+00:00,,,,,,Default,
Boston Standard,bostonstandardplumbing.com,www.bostonstandardplumbing.com,Weymouth,Massachusetts,Plumbing,39465000,62,,Rejected,REJECT,State outside target geography: Massachusetts,0.0,2026-07-13T21:50:35.893703+00:00,2026-07-13T21:50:35.893703+00:00,2027-01-09T21:50:35.893722+00:00,,,,,,Default,
Brewer Companies,brewercompanies.com,www.brewercompanies.com,Phoenix,Arizona,Plumbing,50685000,286,,Synced to HubSpot,REJECT,Already exists in imported HubSpot company index (Exact normalized company name; record 55463045657; source all-companies.csv).,0.0,2026-07-13T21:47:23.157650+00:00,2026-07-13T21:47:23.157650+00:00,,,,,,,Default,
Bright Future Electric,brightfutureelectric.com,www.brightfutureelectric.com,Birmingham,Alabama,Electrical,176049000,292,,Synced to HubSpot,REJECT,Already exists in imported HubSpot company index (Exact normalized company name; record 39356312956; source all-companies.csv).,0.0,2026-07-13T21:53:14.467121+00:00,2026-07-13T21:53:14.467121+00:00,,,,,,,Default,
Buist Electric,buistelectric.com,www.buistelectric.com,Byron Center,Michigan,Electrical,75000000,320,,Rejected,REJECT,State outside target geography: Michigan,0.0,2026-07-13T21:55:39.824172+00:00,2026-07-13T21:55:39.824172+00:00,2027-01-09T21:55:39.824182+00:00,,,,,,Default,
Burton,justcallburton.com,www.justcallburton.com,Omaha,Nebraska,Plumbing,76383000,120,,Rejected,REJECT,State outside target geography: Nebraska,0.0,2026-07-13T21:42:31.998836+00:00,2026-07-13T21:42:31.998836+00:00,2027-01-09T21:42:31.998846+00:00,,,,,,Default,
CDL Electrical,cdlelectric.com,www.cdlelectric.com,Pittsburg,Kansas,Electrical,286436000,429,,Synced to HubSpot,REJECT,Already exists in imported HubSpot company index (Exact normalized company name; record 55533455124; source all-companies.csv).,0.0,2026-07-13T21:51:21.077477+00:00,2026-07-13T21:51:21.077477+00:00,,,,,,,Default,
CH Reynolds,chreynolds.com,www.chreynolds.com,San Jose,California,Electrical,130728000,383,,Rejected,REJECT,State outside target geography: California,0.0,2026-07-13T21:53:40.238338+00:00,2026-07-13T21:53:40.238338+00:00,2027-01-09T21:53:40.238352+00:00,,,,,,Default,
Campbell Mechanical Services,campbellinc.com,www.campbellinc.com,Northwood,Ohio,Plumbing,65077000,92,,Rejected,REJECT,State outside target geography: Ohio,0.0,2026-07-13T21:43:40.196867+00:00,2026-07-13T21:43:40.196867+00:00,2027-01-09T21:43:40.196878+00:00,,,,,,Default,
Cannon & Wendt,cannon-wendt.com,www.cannon-wendt.com,Phoenix,Arizona,Electrical,75530000,290,,Rejected,REJECT,revenue $25M+ | target employee scale | current growth signals | excluded business-model evidence,0.0,2026-07-13T21:55:39.811872+00:00,2026-07-13T21:55:39.811872+00:00,2027-01-09T21:55:39.811883+00:00,,,,,,Default,
Canyon State Electric,canyonstateelectric.com,www.canyonstateelectric.com,Phoenix,Arizona,Electrical,190958000,300,,Synced to HubSpot,REJECT,Already exists in imported HubSpot company index (Exact normalized company name; record 39363684679; source all-companies.csv).,0.0,2026-07-13T21:52:26.935323+00:00,2026-07-13T21:52:26.935323+00:00,,,,,,,Default,
Carr & Duff,carrduff.com,www.carrduff.com,Huntingdon Valley,Pennsylvania,Electrical,114460000,246,,Rejected,REJECT,State outside target geography: Pennsylvania,0.0,2026-07-13T21:54:15.879303+00:00,2026-07-13T21:54:15.879303+00:00,2027-01-09T21:54:15.879314+00:00,,,,,,Default,
Casa Mechanical,casamechanical.com,www.casamechanical.com,Round Rock,Texas,Plumbing,45113000,245,,Synced to HubSpot,REJECT,Already exists in imported HubSpot company index (Exact normalized company name; record 56542547570; source all-companies.csv).,0.0,2026-07-13T21:49:12.946269+00:00,2026-07-13T21:49:12.946269+00:00,,,,,,,Default,
Casteel,casteelair.com,www.casteelair.com,Marietta,Georgia,Plumbing,41059000,197,,Rejected,REJECT,State outside target geography: Georgia,0.0,2026-07-13T21:49:59.716979+00:00,2026-07-13T21:49:59.716979+00:00,2027-01-09T21:49:59.716991+00:00,,,,,,Default,
"Central Plumbing , Heating, & Excavation",centralph.com,www.centralph.com,Great Falls,Montana,Plumbing,61848000,78,,Rejected,REJECT,official-site residential home-service evidence | revenue $25M+ | target employee scale | current growth signals | excluded business-model evidence,34.0,2026-07-13T21:43:50.794792+00:00,2026-07-13T21:43:50.794792+00:00,2027-01-09T21:43:50.794807+00:00,,,,,,Default,
Chaparral Plumbing,chaparralplumbing.com,www.chaparralplumbing.com,Spring,Texas,Plumbing,62986000,123,,Synced to HubSpot,REJECT,Already exists in imported HubSpot company index (Exact normalized company name; record 56567442311; source all-companies.csv).,0.0,2026-07-13T21:43:40.284921+00:00,2026-07-13T21:43:40.284921+00:00,,,,,,,Default,
Charlotte Mechanical,charlottemechanical.com,www.charlottemechanical.com,Charlotte,North Carolina,Plumbing,80657000,342,,Rejected,REJECT,State outside target geography: North Carolina,0.0,2026-07-13T21:42:17.630075+00:00,2026-07-13T21:42:17.630075+00:00,2027-01-09T21:42:17.630092+00:00,,,,,,Default,
Chas Roberts,chasroberts.com,www.chasroberts.com,Phoenix,Arizona,Plumbing,56087000,315,,Synced to HubSpot,REJECT,Already exists in imported HubSpot company index (Exact normalized company name; record 31915264526; source all-companies.csv).,0.0,2026-07-13T21:46:27.267184+00:00,2026-07-13T21:46:27.267184+00:00,,,,,,,Default,
Cherry City Electric,cherrycityelectric.com,www.cherrycityelectric.com,Salem,Oregon,Electrical,127305000,239,,Rejected,REJECT,State outside target geography: Oregon,0.0,2026-07-13T21:53:40.313768+00:00,2026-07-13T21:53:40.313768+00:00,2027-01-09T21:53:40.313780+00:00,,,,,,Default,
Christianson,christiansonco.com,www.christiansonco.com,Round Rock,Texas,Plumbing,76906000,347,,Rejected,REJECT,official-site residential home-service evidence | revenue $25M+ | target employee scale | current growth signals | visible marketing maturity | excluded business-model evidence,33.0,2026-07-13T21:42:31.987630+00:00,2026-07-13T21:42:31.987630+00:00,2027-01-09T21:42:31.987645+00:00,,,,,,Default,
Cisneros Brothers Plumbing,855gotclog.com,www.855gotclog.com,Hesperia,California,Plumbing,38192000,60,,Rejected,REJECT,State outside target geography: California,0.0,2026-07-13T21:50:35.979257+00:00,2026-07-13T21:50:35.979257+00:00,2027-01-09T21:50:35.979274+00:00,,,,,,Default,
Classic Aire Care,classicairecare.com,www.classicairecare.com,St. Louis,Missouri,Plumbing,63652000,106,,Synced to HubSpot,REJECT,Already exists in imported HubSpot company index (Exact normalized company name; record 54246795409; source all-companies.csv).,0.0,2026-07-13T21:43:40.271868+00:00,2026-07-13T21:43:40.271868+00:00,,,,,,,Default,
Coastal Mechanical Services,coastalmechanical.com,www.coastalmechanical.com,Melbourne,Florida,Plumbing,94467000,327,,Rejected,REJECT,State outside target geography: Florida,0.0,2026-07-13T21:42:06.936332+00:00,2026-07-13T21:42:06.936332+00:00,2027-01-09T21:42:06.936347+00:00,,,,,,Default,
Collins Electric,collinselectricco.com,www.collinselectricco.com,Chicopee,Massachusetts,Electrical,127304000,88,,Synced to HubSpot,REJECT,Already exists in imported HubSpot company index (Exact normalized company name; record 39371629356; source all-companies.csv).,0.0,2026-07-13T21:53:40.326369+00:00,2026-07-13T21:53:40.326369+00:00,,,,,,,Default,
Collins Electrical Company,collinselectric.com,www.collinselectric.com,Stockton,California,Electrical,73669000,331,,Rejected,REJECT,State outside target geography: California,0.0,2026-07-13T21:55:39.836369+00:00,2026-07-13T21:55:39.836369+00:00,2027-01-09T21:55:39.836383+00:00,,,,,,Default,
Collins Electrical Construction,collinsmn.com,www.collinsmn.com,Saint Paul,Minnesota,Electrical,76818000,252,,Rejected,REJECT,State outside target geography: Minnesota,0.0,2026-07-13T21:55:23.982430+00:00,2026-07-13T21:55:23.982430+00:00,2027-01-09T21:55:23.982441+00:00,,,,,,Default,
Comfort Systems USA Southwest,csusasw.com,www.csusasw.com,Chandler,Arizona,Plumbing,54516000,272,,Rejected,REJECT,official-site residential home-service evidence | revenue $25M+ | target employee scale | excluded business-model evidence,28.0,2026-07-13T21:46:39.318017+00:00,2026-07-13T21:46:39.318017+00:00,2027-01-09T21:46:39.318028+00:00,,,,,,Default,
Commonwealth Electric Company of the Midwest,commonwealthelectric.com,www.commonwealthelectric.com,Lincoln,Nebraska,Electrical,109730000,1000,,Rejected,REJECT,State outside target geography: Nebraska,0.0,2026-07-13T21:54:15.933494+00:00,2026-07-13T21:54:15.933494+00:00,2027-01-09T21:54:15.933506+00:00,,,,,,Default,
Commonwealth Electrical Technologies,comelectrical.com,www.comelectrical.com,Worcester,Massachusetts,Electrical,86568000,136,,Rejected,REJECT,State outside target geography: Massachusetts,0.0,2026-07-13T21:54:40.280290+00:00,2026-07-13T21:54:40.280290+00:00,2027-01-09T21:54:40.280302+00:00,,,,,,Default,
Comprehensive Energy Services,cesmechanical.com,www.cesmechanical.com,Longwood,Florida,Plumbing,126729000,303,,Rejected,REJECT,State outside target geography: Florida,0.0,2026-07-13T21:40:39.530993+00:00,2026-07-13T21:40:39.530993+00:00,2027-01-09T21:40:39.531006+00:00,,,,,,Default,
ConServ Building Services,conservonline.com,www.conservonline.com,Largo,Florida,Plumbing,114575000,180,,Rejected,REJECT,State outside target geography: Florida,0.0,2026-07-13T21:40:54.696705+00:00,2026-07-13T21:40:54.696705+00:00,2027-01-09T21:40:54.696717+00:00,,,,,,Default,
Connelly Electric,connellyelectric.com,www.connellyelectric.com,Addison,Illinois,Electrical,127305000,589,,Rejected,REJECT,State outside target geography: Illinois,0.0,2026-07-13T21:53:40.275179+00:00,2026-07-13T21:53:40.275179+00:00,2027-01-09T21:53:40.275191+00:00,,,,,,Default,
Contra Costa Electric,ccelectric.com,www.ccelectric.com,Martinez,California,Electrical,70083000,374,,Rejected,REJECT,State outside target geography: California,0.0,2026-07-13T21:57:26.810538+00:00,2026-07-13T21:57:26.810538+00:00,2027-01-09T21:57:26.810550+00:00,,,,,,Default,
Corbins Electric,corbinselectric.com,www.corbinselectric.com,Phoenix,Arizona,Electrical,444905000,509,,Rejected,REJECT,revenue $25M+ | target employee scale | current growth signals | excluded business-model evidence,0.0,2026-07-13T21:51:20.866121+00:00,2026-07-13T21:51:20.866121+00:00,2027-01-09T21:51:20.866133+00:00,,,,,,Default,
Corrigan,corriganco.com,www.corriganco.com,St. Louis,Missouri,Plumbing,53094000,140,,Synced to HubSpot,REJECT,Already exists in imported HubSpot company index (Exact normalized company name; record 53543735696; source all-companies.csv).,0.0,2026-07-13T21:46:39.341315+00:00,2026-07-13T21:46:39.341315+00:00,,,,,,,Default,
Crawford Company,crawford-company.com,www.crawford-company.com,Rock Island,Illinois,Plumbing,218328000,343,,Synced to HubSpot,REJECT,Already exists in imported HubSpot company index (Exact normalized company name; record 54622224402; source all-companies.csv).,0.0,2026-07-13T21:38:49.636467+00:00,2026-07-13T21:38:49.636467+00:00,,,,,,,Default,
Creative Multicare,creativemulticare.com,www.creativemulticare.com,Stockbridge,Georgia,Plumbing,63739000,300,,Rejected,REJECT,State outside target geography: Georgia,0.0,2026-07-13T21:43:40.235651+00:00,2026-07-13T21:43:40.235651+00:00,2027-01-09T21:43:40.235662+00:00,,,,,,Default,
Critical Electric Systems Group,cesg.com,www.cesg.com,Plano,Texas,Electrical,126031000,269,,Rejected,REJECT,official-site residential home-service evidence | revenue $25M+ | target employee scale | current growth signals | excluded business-model evidence,31.0,2026-07-13T21:53:52.438792+00:00,2026-07-13T21:53:52.438792+00:00,2027-01-09T21:53:52.438804+00:00,,,,,,Default,
Critter Control,crittercontrol.com,www.crittercontrol.com,Marietta,Georgia,Pest Control,66860000,500,,Rejected,REJECT,State outside target geography: Georgia,0.0,2026-07-13T22:03:06.454922+00:00,2026-07-13T22:03:06.454922+00:00,2027-01-09T22:03:06.454937+00:00,,,,,,Default,
"CroppMetcalfe, Inc.",croppmetcalfe.com,www.croppmetcalfe.com,Fairfax,Virginia,Pest Control,72053000,288,,Synced to HubSpot,REJECT,Already exists in imported HubSpot company index (Exact normalized company name; record 55325851469; source all-companies.csv).,0.0,2026-07-13T21:42:33.948027+00:00,2026-07-13T22:03:06.431946+00:00,,,,,,,Default,
Cullum Services,culluminc.com,www.culluminc.com,North Charleston,South Carolina,Plumbing,74203000,270,,Rejected,REJECT,State outside target geography: South Carolina,0.0,2026-07-13T21:42:32.052166+00:00,2026-07-13T21:42:32.052166+00:00,2027-01-09T21:42:32.052180+00:00,,,,,,Default,
Custom Air Products & Services,customairproducts.com,www.customairproducts.com,Houston,Texas,Plumbing,57275000,242,,Rejected,REJECT,revenue $25M+ | target employee scale | excluded business-model evidence,0.0,2026-07-13T21:46:27.221017+00:00,2026-07-13T21:46:27.221017+00:00,2027-01-09T21:46:27.221028+00:00,,,,,,Default,
DRF Trusted Property Solutions,drftps.com,www.drftps.com,Plainfield,Illinois,Plumbing,76383000,120,,Rejected,REJECT,State outside target geography: Illinois,0.0,2026-07-13T21:42:32.010016+00:00,2026-07-13T21:42:32.010016+00:00,2027-01-09T21:42:32.010027+00:00,,,,,,Default,
DV Brown & Associates,dvbrown.com,www.dvbrown.com,Tonawanda,New York,Plumbing,127305000,200,,Rejected,REJECT,State outside target geography: New York,0.0,2026-07-13T21:40:39.503825+00:00,2026-07-13T21:40:39.503825+00:00,2027-01-09T21:40:39.503839+00:00,,,,,,Default,
Darana Hybrid,daranahybrid.com,www.daranahybrid.com,Hamilton,Ohio,Electrical,104601000,379,,Rejected,REJECT,State outside target geography: Ohio,0.0,2026-07-13T21:54:15.985670+00:00,2026-07-13T21:54:15.985670+00:00,2027-01-09T21:54:15.985684+00:00,,,,,,Default,
Dave Jones,davejonesinc.com,www.davejonesinc.com,Madison,Wisconsin,Electrical,87021000,356,,Synced to HubSpot,REJECT,Already exists in imported HubSpot company index (Exact normalized company name; record 55340304011; source all-companies.csv).,0.0,2026-07-13T21:42:17.547425+00:00,2026-07-13T21:54:40.263670+00:00,,,,,,,Default,
DeBra-Kuempel,dkemcor.com,www.dkemcor.com,Cincinnati,Ohio,Electrical,465926000,627,,Synced to HubSpot,REJECT,Already exists in imported HubSpot company index (Exact normalized company name; record 53572175366; source all-companies.csv).,0.0,2026-07-13T21:38:49.496374+00:00,2026-07-13T21:50:58.514295+00:00,,,,,,,Default,
Decker Electric,decker-electric.com,www.decker-electric.com,Wichita,Kansas,Electrical,71996000,63,,Synced to HubSpot,REJECT,Already exists in imported HubSpot company index (Exact normalized company name; record 39369105699; source all-companies.csv).,0.0,2026-07-13T21:56:28.783600+00:00,2026-07-13T21:56:28.783600+00:00,,,,,,,Default,
Del-Air,delair.com,www.delair.com,Lake Mary,Florida,Plumbing,105339000,518,,Rejected,REJECT,State outside target geography: Florida,0.0,2026-07-13T21:41:56.522925+00:00,2026-07-13T21:41:56.522925+00:00,2027-01-09T21:41:56.522939+00:00,,,,,,Default,
Delta Services,deltaservicesllc.com,www.deltaservicesllc.com,Louisville,Kentucky,Electrical,78928000,117,,Rejected,REJECT,State outside target geography: Kentucky,0.0,2026-07-13T21:55:11.596418+00:00,2026-07-13T21:55:11.596418+00:00,2027-01-09T21:55:11.596428+00:00,,,,,,Default,
Delta Wye Electric,deltawye.com,www.deltawye.com,Anaheim,California,Electrical,76383000,120,,Synced to HubSpot,REJECT,Already exists in imported HubSpot company index (Exact normalized company name; record 39356001948; source all-companies.csv).,0.0,2026-07-13T21:55:23.989248+00:00,2026-07-13T21:55:23.989248+00:00,,,,,,,Default,
Denier Electric,denier.com,www.denier.com,Harrison,Ohio,Electrical,79972000,365,,Synced to HubSpot,REJECT,Already exists in imported HubSpot company index (Exact normalized company name; record 39352286354; source all-companies.csv).,0.0,2026-07-13T21:55:11.547333+00:00,2026-07-13T21:55:11.547333+00:00,,,,,,,Default,
Dodson Pest Control,dodsonbros.com,www.dodsonbros.com,Lynchburg,Virginia,Pest Control,132719000,603,,Rejected,REJECT,State outside target geography: Virginia,0.0,2026-07-13T22:02:54.154791+00:00,2026-07-13T22:02:54.154791+00:00,2027-01-09T22:02:54.154805+00:00,,,,,,Default,
Down Under Plumbing,downunderplumbing808.com,www.downunderplumbing808.com,,,Plumbing,161729000,721,,Rejected,REJECT,State outside target geography: missing,0.0,2026-07-13T21:40:03.659530+00:00,2026-07-13T21:40:03.659530+00:00,2027-01-09T21:40:03.659544+00:00,,,,,,Default,
Dubak Electrical Group,dubakelectrical.com,www.dubakelectrical.com,La Grange,Illinois,Electrical,70824000,261,,Synced to HubSpot,REJECT,Already exists in imported HubSpot company index (Exact normalized company name; record 39363841843; source all-companies.csv).,0.0,2026-07-13T21:57:26.797701+00:00,2026-07-13T21:57:26.797701+00:00,,,,,,,Default,
Dynalectric,dynalectric-dc.com,www.dynalectric-dc.com,Sterling,Virginia,Electrical,366638000,576,,Rejected,REJECT,State outside target geography: Virginia,0.0,2026-07-13T21:51:20.946778+00:00,2026-07-13T21:51:20.946778+00:00,2027-01-09T21:51:20.946791+00:00,,,,,,Default,
Dynalectric Oregon,dyna-oregon.com,www.dyna-oregon.com,Portland,Oregon,Electrical,350089000,550,,Rejected,REJECT,State outside target geography: Oregon,0.0,2026-07-13T21:51:21.006507+00:00,2026-07-13T21:51:21.006507+00:00,2027-01-09T21:51:21.006520+00:00,,,,,,Default,
ECOLA,ecolatermite.com,www.ecolatermite.com,Mission Hills,California,Pest Control,108422000,68,,Rejected,REJECT,State outside target geography: California,0.0,2026-07-13T22:02:54.215637+00:00,2026-07-13T22:02:54.215637+00:00,2027-01-09T22:02:54.215652+00:00,,,,,,Default,
EMCOR Services Aircond,aircond.com,www.aircond.com,Smyrna,Georgia,Plumbing,159131000,250,,Rejected,REJECT,State outside target geography: Georgia,0.0,2026-07-13T21:40:03.675996+00:00,2026-07-13T21:40:03.675996+00:00,2027-01-09T21:40:03.676008+00:00,,,,,,Default,
EMCOR Services Fluidics,fluidics.com,www.fluidics.com,Philadelphia,Pennsylvania,Plumbing,159131000,250,,Synced to HubSpot,REJECT,Already exists in imported HubSpot company index (Exact normalized company name; record 54049360677; source all-companies.csv).,0.0,2026-07-13T21:40:03.665362+00:00,2026-07-13T21:40:03.665362+00:00,,,,,,,Default,
EMCOR Services New England Mechanical,nemsi.com,www.nemsi.com,South Windsor,Connecticut,Electrical,198596000,312,,Rejected,REJECT,State outside target geography: Connecticut,0.0,2026-07-13T21:52:26.850005+00:00,2026-07-13T21:52:26.850005+00:00,2027-01-09T21:52:26.850029+00:00,,,,,,Default,
ERMCO,ermco.com,www.ermco.com,Greenwood,Indiana,Electrical,69700000,315,,Rejected,REJECT,State outside target geography: Indiana,0.0,2026-07-13T21:57:26.861876+00:00,2026-07-13T21:57:26.861876+00:00,2027-01-09T21:57:26.861889+00:00,,,,,,Default,
ESI Electrical Contractors,esielectrical.com,www.esielectrical.com,Cincinnati,Ohio,Electrical,286436000,301,,Synced to HubSpot,REJECT,Already exists in imported HubSpot company index (Exact normalized company name; record 39365234812; source all-companies.csv).,0.0,2026-07-13T21:51:21.083564+00:00,2026-07-13T21:51:21.083564+00:00,,,,,,,Default,
Edlen,edlen.com,www.edlen.com,Las Vegas,Nevada,Electrical,104390000,164,,Rejected,REJECT,revenue $25M+ | target employee scale,28.0,2026-07-13T21:54:28.895503+00:00,2026-07-13T21:54:28.895503+00:00,2027-01-09T21:54:28.895514+00:00,,,,,,Default,
Edwards Elecrical & Mechanical,edwards-elec.com,www.edwards-elec.com,Indianapolis,Indiana,Electrical,295984000,465,,Rejected,REJECT,State outside target geography: Indiana,0.0,2026-07-13T21:51:21.071970+00:00,2026-07-13T21:51:21.071970+00:00,2027-01-09T21:51:21.071985+00:00,,,,,,Default,
"Efficient AC, Electric & Plumbing",efficienttexas.com,www.efficienttexas.com,Austin,Texas,Plumbing,50922000,80,,Qualified,ACCEPT,official-site residential home-service evidence | revenue $25M+ | target employee scale | current growth signals | visible marketing maturity,91.0,2026-07-13T21:46:50.373043+00:00,2026-07-13T21:46:50.373043+00:00,,,,,,,Default,
Eldeco,eldecoinc.com,www.eldecoinc.com,Piedmont,South Carolina,Electrical,221631000,429,,Rejected,REJECT,State outside target geography: South Carolina,0.0,2026-07-13T21:52:06.515988+00:00,2026-07-13T21:52:06.515988+00:00,2027-01-09T21:52:06.516001+00:00,,,,,,Default,
Elliott-Lewis,elliottlewis.com,www.elliottlewis.com,Philadelphia,Pennsylvania,Plumbing,350089000,550,,Synced to HubSpot,REJECT,Already exists in imported HubSpot company index (Exact normalized company name; record 53554169719; source all-companies.csv).,0.0,2026-07-13T21:38:49.548124+00:00,2026-07-13T21:38:49.548124+00:00,,,,,,,Default,
Ennis Electric Company,enniselectric.com,www.enniselectric.com,Manassas,Virginia,Electrical,81544000,125,,Rejected,REJECT,State outside target geography: Virginia,0.0,2026-07-13T21:55:11.509248+00:00,2026-07-13T21:55:11.509248+00:00,2027-01-09T21:55:11.509261+00:00,,,,,,Default,
Enterprise Electrical,enterpriseelectricalco.com,www.enterpriseelectricalco.com,Houston,Texas,Electrical,124759000,196,,Rejected,REJECT,revenue $25M+ | target employee scale | current growth signals | excluded business-model evidence,0.0,2026-07-13T21:54:13.415790+00:00,2026-07-13T21:54:13.415790+00:00,2027-01-09T21:54:13.415807+00:00,,,,,,Default,
Environment Masters,environmentmasters.com,www.environmentmasters.com,Jackson,Mississippi,Plumbing,73201000,115,,Synced to HubSpot,REJECT,Already exists in imported HubSpot company index (Exact normalized company name; record 55461355167; source all-companies.csv).,0.0,2026-07-13T21:42:33.921352+00:00,2026-07-13T21:42:33.921352+00:00,,,,,,,Default,
Ernest P Breaux Electrical,epbreaux.com,www.epbreaux.com,New Iberia,Louisiana,Electrical,79121000,277,,Rejected,REJECT,State outside target geography: Louisiana,0.0,2026-07-13T21:55:11.564989+00:00,2026-07-13T21:55:11.564989+00:00,2027-01-09T21:55:11.565002+00:00,,,,,,Default,
Expanse Electrical,expanseelectrical.com,www.expanseelectrical.com,Houston,Texas,Electrical,241852000,621,,Rejected,REJECT,revenue $25M+ | target employee scale | current growth signals | excluded business-model evidence,0.0,2026-07-13T21:52:06.472692+00:00,2026-07-13T21:52:06.472692+00:00,2027-01-09T21:52:06.472703+00:00,,,,,,Default,
F&G Mechanical,fgmech.com,www.fgmech.com,Secaucus,New Jersey,Plumbing,286436000,450,,Synced to HubSpot,REJECT,Already exists in imported HubSpot company index (Exact normalized company name; record 39366007945; source all-companies.csv).,0.0,2026-07-13T21:38:49.601721+00:00,2026-07-13T21:38:49.601721+00:00,,,,,,,Default,
F.E. Moran Group of Companies,femoran.com,www.femoran.com,Northbrook,Illinois,Plumbing,45390000,388,,Rejected,REJECT,State outside target geography: Illinois,0.0,2026-07-13T21:49:12.928559+00:00,2026-07-13T21:49:12.928559+00:00,2027-01-09T21:49:12.928571+00:00,,,,,,Default,
"F.H. Furr Plumbing, Heating, Air Conditioning, & Electrical",fhfurr.com,www.fhfurr.com,Manassas,Virginia,Plumbing,69944000,523,,Rejected,REJECT,State outside target geography: Virginia,0.0,2026-07-13T21:42:34.009503+00:00,2026-07-13T21:42:34.009503+00:00,2027-01-09T21:42:34.009520+00:00,,,,,,Default,
FOX Pest Control,fox-pest.com,www.fox-pest.com,Logan,Utah,Pest Control,102470000,500,,Synced to HubSpot,REJECT,Already exists in imported HubSpot company index (Exact normalized company name; record 55341741382; source all-companies.csv).,0.0,2026-07-13T22:02:54.253952+00:00,2026-07-13T22:02:54.253952+00:00,,,,,,,Default,
Fahnestock,fahnestockhvac.com,www.fahnestockhvac.com,Wichita,Kansas,Plumbing,112066000,62,,Rejected,REJECT,State outside target geography: Kansas,0.0,2026-07-13T21:40:54.720291+00:00,2026-07-13T21:40:54.720291+00:00,2027-01-09T21:40:54.720306+00:00,,,,,,Default,
Federated Electrical Contractors,fec.org,www.fec.org,Haddonfield,New Jersey,Electrical,94956000,530,,Rejected,REJECT,State outside target geography: New Jersey,0.0,2026-07-13T21:54:40.171201+00:00,2026-07-13T21:54:40.171201+00:00,2027-01-09T21:54:40.171216+00:00,,,,,,Default,
Feldkamp Enterprises,feldkamphvac.com,www.feldkamphvac.com,Cincinnati,Ohio,Plumbing,64710000,151,,Rejected,REJECT,State outside target geography: Ohio,0.0,2026-07-13T21:43:40.223594+00:00,2026-07-13T21:43:40.223594+00:00,2027-01-09T21:43:40.223605+00:00,,,,,,Default,
Ferran Services,ferran-services.com,www.ferran-services.com,Orlando,Florida,Plumbing,57222000,98,,Synced to HubSpot,REJECT,Already exists in imported HubSpot company index (Exact normalized company name; record 55212071606; source all-companies.csv).,0.0,2026-07-13T21:46:27.227245+00:00,2026-07-13T21:46:27.227245+00:00,,,,,,,Default,
Feyen Zylstra,feyenzylstra.com,www.feyenzylstra.com,Grand Rapids,Michigan,Electrical,125262000,678,,Rejected,REJECT,State outside target geography: Michigan,0.0,2026-07-13T21:53:52.451061+00:00,2026-07-13T21:53:52.451061+00:00,2027-01-09T21:53:52.451072+00:00,,,,,,Default,
Fleming Companies,fleminc.com,www.fleminc.com,Bryant,Arkansas,Electrical,126153000,200,,Rejected,REJECT,State outside target geography: Arkansas,0.0,2026-07-13T21:53:40.372913+00:00,2026-07-13T21:53:40.372913+00:00,2027-01-09T21:53:40.372926+00:00,,,,,,Default,
Florida Pest Control & Chemical,flapest.com,www.flapest.com,Gainesville,Florida,Pest Control,122857000,538,,Rejected,REJECT,State outside target geography: Florida,0.0,2026-07-13T22:02:54.179257+00:00,2026-07-13T22:02:54.179257+00:00,2027-01-09T22:02:54.179268+00:00,,,,,,Default,
Four Seasons Heating,fourseasonsheatingcooling.com,www.fourseasonsheatingcooling.com,Chicago,Illinois,Electrical,399737000,628,,Synced to HubSpot,REJECT,Already exists in imported HubSpot company index (Exact normalized company name; record 56509329591; source all-companies.csv).,0.0,2026-07-13T21:38:49.533572+00:00,2026-07-13T21:51:20.916606+00:00,,,,,,,Default,
Fox Service,foxservice.com,www.foxservice.com,Austin,Texas,Electrical,79956000,133,,Synced to HubSpot,REJECT,Already exists in imported HubSpot company index (Exact normalized company name; record 54255853232; source all-companies.csv).,0.0,2026-07-13T21:42:17.652047+00:00,2026-07-13T21:55:11.553347+00:00,,,,,,,Default,
Fred Smith Plumbing & Heating,fredsmithplumbing.com,www.fredsmithplumbing.com,New York City,New York,Plumbing,54741000,125,,Rejected,REJECT,State outside target geography: New York,0.0,2026-07-13T21:46:27.293357+00:00,2026-07-13T21:46:27.293357+00:00,2027-01-09T21:46:27.293373+00:00,,,,,,Default,
Freestate Electrical Companies,freestateelectric.com,www.freestateelectric.com,Cumberland,Maryland,Electrical,428381000,673,,Rejected,REJECT,State outside target geography: Maryland,0.0,2026-07-13T21:51:20.884541+00:00,2026-07-13T21:51:20.884541+00:00,2027-01-09T21:51:20.884555+00:00,,,,,,Default,
Frischhertz,frischhertz.com,www.frischhertz.com,New Orleans,Louisiana,Electrical,80248000,340,,Rejected,REJECT,State outside target geography: Louisiana,0.0,2026-07-13T21:55:11.534407+00:00,2026-07-13T21:55:11.534407+00:00,2027-01-09T21:55:11.534423+00:00,,,,,,Default,
GEM Plumbing & Heating,askgem.com,www.askgem.com,Lincoln,Rhode Island,Plumbing,62564000,354,,Synced to HubSpot,REJECT,Already exists in imported HubSpot company index (Exact normalized company name; record 54170614324; source all-companies.csv).,0.0,2026-07-13T21:43:40.291783+00:00,2026-07-13T21:43:40.291783+00:00,,,,,,,Default,
Gallo Mechanical,gallomechanical.com,www.gallomechanical.com,New Orleans,Louisiana,Plumbing,61128000,379,,Rejected,REJECT,State outside target geography: Louisiana,0.0,2026-07-13T21:43:50.816947+00:00,2026-07-13T21:43:50.816947+00:00,2027-01-09T21:43:50.816963+00:00,,,,,,Default,
Gaston Electrical,gastonelectrical.com,www.gastonelectrical.com,Norwood,Massachusetts,Electrical,127304000,275,,Rejected,REJECT,State outside target geography: Massachusetts,0.0,2026-07-13T21:53:40.337499+00:00,2026-07-13T21:53:40.337499+00:00,2027-01-09T21:53:40.337513+00:00,,,,,,Default,
Genz-Ryan,genzryan.com,www.genzryan.com,Burnsville,Minnesota,Plumbing,56446000,121,,Synced to HubSpot,REJECT,Already exists in imported HubSpot company index (Exact normalized company name; record 53541157438; source all-companies.csv).,0.0,2026-07-13T21:46:27.245754+00:00,2026-07-13T21:46:27.245754+00:00,,,,,,,Default,
Georgia Secretary of State,sos.ga.gov,sos.ga.gov,Atlanta,Georgia,Plumbing,47429000,324,,Rejected,REJECT,State outside target geography: Georgia,0.0,2026-07-13T21:49:12.893473+00:00,2026-07-13T21:49:12.893473+00:00,2027-01-09T21:49:12.893485+00:00,,,,,,Default,
Gephart Electric,gephartelectric.com,www.gephartelectric.com,Saint Paul,Minnesota,Electrical,76104000,356,,Rejected,REJECT,State outside target geography: Minnesota,0.0,2026-07-13T21:55:24.032278+00:00,2026-07-13T21:55:24.032278+00:00,2027-01-09T21:55:24.032291+00:00,,,,,,Default,
Gervaise,gervaismechanical.com,www.gervaismechanical.com,Auburn,Massachusetts,Plumbing,50922000,80,,Synced to HubSpot,REJECT,Already exists in imported HubSpot company index (Exact normalized company name; record 54054364026; source all-companies.csv).,0.0,2026-07-13T21:47:23.138548+00:00,2026-07-13T21:47:23.138548+00:00,,,,,,,Default,
Gibson Electric,gibsonelec.com,www.gibsonelec.com,Downers Grove,Illinois,Electrical,68200000,311,,Rejected,REJECT,State outside target geography: Illinois,0.0,2026-07-13T21:57:50.444104+00:00,2026-07-13T21:57:50.444104+00:00,2027-01-09T21:57:50.444114+00:00,,,,,,Default,
Gilbert Mechanical Contractors,gilbertmech.com,www.gilbertmech.com,Edina,Minnesota,Plumbing,39717000,106,,Rejected,REJECT,State outside target geography: Minnesota,0.0,2026-07-13T21:50:35.851415+00:00,2026-07-13T21:50:35.851415+00:00,2027-01-09T21:50:35.851432+00:00,,,,,,Default,
Godwin Plumbing,godwinplumbing.com,www.godwinplumbing.com,Grand Rapids,Michigan,Plumbing,58762000,115,,Synced to HubSpot,REJECT,Already exists in imported HubSpot company index (Exact normalized company name; record 54757454377; source all-companies.csv).,0.0,2026-07-13T21:46:18.168477+00:00,2026-07-13T21:46:18.168477+00:00,,,,,,,Default,
Goettl Air Conditioning & Plumbing,goettl.com,www.goettl.com,Las Vegas,Nevada,Plumbing,186904000,912,,Qualified,ACCEPT,official-site residential home-service evidence | revenue $25M+ | target employee scale | current growth signals | visible marketing maturity,93.0,2026-07-13T21:39:07.542682+00:00,2026-07-13T21:39:07.542682+00:00,,,,,,,Default,
Granite City Electric Supply,granitecityelectric.com,www.granitecityelectric.com,Quincy,Massachusetts,Electrical,282931000,382,,Rejected,REJECT,State outside target geography: Massachusetts,0.0,2026-07-13T21:51:21.095734+00:00,2026-07-13T21:51:21.095734+00:00,2027-01-09T21:51:21.095747+00:00,,,,,,Default,
GreenWood,gwood.com,www.gwood.com,Greenville,South Carolina,Electrical,194954000,894,,Rejected,REJECT,State outside target geography: South Carolina,0.0,2026-07-13T21:52:26.865270+00:00,2026-07-13T21:52:26.865270+00:00,2027-01-09T21:52:26.865283+00:00,,,,,,Default,
Greenix,greenixpc.com,www.greenixpc.com,Orem,Utah,Pest Control,204939000,1000,,Qualified,ACCEPT,official-site residential home-service evidence | revenue $25M+ | current growth signals,76.0,2026-07-13T22:00:10.660078+00:00,2026-07-13T22:00:10.660078+00:00,,,,,,,Default,
Gt Plumbing & Heating,plumbersnearyou.com,www.plumbersnearyou.com,Flushing,New York,Plumbing,44874000,34,,Synced to HubSpot,REJECT,Already exists in imported HubSpot company index (Exact normalized company name; record 54769607982; source all-companies.csv).,0.0,2026-07-13T21:49:12.970852+00:00,2026-07-13T21:49:12.970852+00:00,,,,,,,Default,
Guarantee Electrical,geco.com,www.geco.com,St. Louis,Missouri,Electrical,356549000,628,,Synced to HubSpot,REJECT,Already exists in imported HubSpot company index (Exact normalized company name; record 39400602792; source all-companies.csv).,0.0,2026-07-13T21:51:20.965385+00:00,2026-07-13T21:51:20.965385+00:00,,,,,,,Default,
Gulf Mechanical Contractors,gulfmc.net,www.gulfmc.net,Orlando,Florida,Plumbing,40430000,59,,Rejected,REJECT,State outside target geography: Florida,0.0,2026-07-13T21:50:35.815545+00:00,2026-07-13T21:50:35.815545+00:00,2027-01-09T21:50:35.815564+00:00,,,,,,Default,
Gurtz Electric,gurtzelectric.com,www.gurtzelectric.com,Arlington Heights,Illinois,Electrical,222784000,351,,Synced to HubSpot,REJECT,Already exists in imported HubSpot company index (Exact normalized company name; record 39369723746; source all-companies.csv).,0.0,2026-07-13T21:52:06.493775+00:00,2026-07-13T21:52:06.493775+00:00,,,,,,,Default,
Gutridge Plumbing,gutridge.com,www.gutridge.com,Newark,Ohio,Plumbing,71131000,371,,Rejected,REJECT,State outside target geography: Ohio,0.0,2026-07-13T21:42:33.974183+00:00,2026-07-13T21:42:33.974183+00:00,2027-01-09T21:42:33.974200+00:00,,,,,,Default,
H B Frazer,hbfrazer.com,www.hbfrazer.com,Reading,Pennsylvania,Electrical,127305000,200,,Rejected,REJECT,State outside target geography: Pennsylvania,0.0,2026-07-13T21:53:40.292468+00:00,2026-07-13T21:53:40.292468+00:00,2027-01-09T21:53:40.292480+00:00,,,,,,Default,
HB McClure,hbmcclure.com,www.hbmcclure.com,Harrisburg,Pennsylvania,Electrical,318262000,1000,,Synced to HubSpot,REJECT,Already exists in imported HubSpot company index (Exact normalized company name; record 54034621846; source all-companies.csv).,0.0,2026-07-13T21:38:49.581390+00:00,2026-07-13T21:51:21.024879+00:00,,,,,,,Default,
Haller Enterprises,hallerent.com,www.hallerent.com,Lititz,Pennsylvania,Electrical,189805000,400,,Synced to HubSpot,REJECT,Already exists in imported HubSpot company index (Exact normalized company name; record 55160490387; source all-companies.csv).,0.0,2026-07-13T21:38:49.730011+00:00,2026-07-13T21:52:26.941771+00:00,,,,,,,Default,
Hanley Energy,hanleyenergy.com,www.hanleyenergy.com,Ashburn,Virginia,Electrical,149364000,550,,Rejected,REJECT,State outside target geography: Virginia,0.0,2026-07-13T21:53:26.651960+00:00,2026-07-13T21:53:26.651960+00:00,2027-01-09T21:53:26.651972+00:00,,,,,,Default,
Hardy,hardycorp.com,www.hardycorp.com,Birmingham,Alabama,Plumbing,59000000,336,,Rejected,REJECT,State outside target geography: Alabama,0.0,2026-07-13T21:46:18.161168+00:00,2026-07-13T21:46:18.161168+00:00,2027-01-09T21:46:18.161179+00:00,,,,,,Default,
Harris Plumbing,callharrisnow.com,www.callharrisnow.com,Salem,New Jersey,Plumbing,109483000,172,,Rejected,REJECT,State outside target geography: New Jersey,0.0,2026-07-13T21:40:54.738690+00:00,2026-07-13T21:40:54.738690+00:00,2027-01-09T21:40:54.738706+00:00,,,,,,Default,
Harvey W. Hottel,harveyhottel.com,www.harveyhottel.com,Gaithersburg,Maryland,Plumbing,63653000,100,,Rejected,REJECT,State outside target geography: Maryland,0.0,2026-07-13T21:43:40.253628+00:00,2026-07-13T21:43:40.253628+00:00,2027-01-09T21:43:40.253643+00:00,,,,,,Default,
Havel,havelemcor.com,www.havelemcor.com,Fort Wayne,Indiana,Electrical,66529000,200,,Rejected,REJECT,State outside target geography: Indiana,0.0,2026-07-13T21:57:50.483697+00:00,2026-07-13T21:57:50.483697+00:00,2027-01-09T21:57:50.483711+00:00,,,,,,Default,
Hawx,hawxpestcontrol.com,www.hawxpestcontrol.com,Ogden,Utah,Pest Control,188134000,918,,Qualified,ACCEPT,official-site residential home-service evidence | revenue $25M+ | target employee scale | current growth signals,86.0,2026-07-13T22:01:10.774781+00:00,2026-07-13T22:01:10.774781+00:00,,,,,,,Default,
Hayes Mechanical,hayesmechanical.com,www.hayesmechanical.com,Chicago,Illinois,Plumbing,454478000,714,,Rejected,REJECT,State outside target geography: Illinois,0.0,2026-07-13T21:38:49.512184+00:00,2026-07-13T21:38:49.512184+00:00,2027-01-09T21:38:49.512200+00:00,,,,,,Default,
Hb Global,hb-global.com,www.hb-global.com,Harrisburg,Pennsylvania,Plumbing,150000000,797,,Synced to HubSpot,REJECT,Already exists in imported HubSpot company index (Exact normalized company name; record 54037380025; source all-companies.csv).,0.0,2026-07-13T21:40:03.696942+00:00,2026-07-13T21:40:03.696942+00:00,,,,,,,Default,
Heating & Plumbing Engineers,hpeinc.com,www.hpeinc.com,Colorado Springs,Colorado,Plumbing,148620000,292,,Synced to HubSpot,REJECT,Already exists in imported HubSpot company index (Exact normalized company name; record 39396600099; source all-companies.csv).,0.0,2026-07-13T21:40:22.016281+00:00,2026-07-13T21:40:22.016281+00:00,,,,,,,Default,
Hermanson Company,hermanson.com,www.hermanson.com,Kent,Washington,Plumbing,132973000,446,,Rejected,REJECT,State outside target geography: Washington,0.0,2026-07-13T21:40:39.464941+00:00,2026-07-13T21:40:39.464941+00:00,2027-01-09T21:40:39.464950+00:00,,,,,,Default,
Hi-Tech Electric,hitechelectric.com,www.hitechelectric.com,Pasadena,Texas,Electrical,72470000,335,,Rejected,REJECT,revenue $25M+ | target employee scale | excluded business-model evidence,0.0,2026-07-13T21:56:18.179305+00:00,2026-07-13T21:56:18.179305+00:00,2027-01-09T21:56:18.179319+00:00,,,,,,Default,
"Hiller Plumbing, Heating, Cooling & Electrical",happyhiller.com,www.happyhiller.com,Nashville,Tennessee,Plumbing,330993000,520,,Rejected,REJECT,State outside target geography: Tennessee,0.0,2026-07-13T21:38:49.574779+00:00,2026-07-13T21:38:49.574779+00:00,2027-01-09T21:38:49.574793+00:00,,,,,,Default,
Home Paramount Pest Control,homeparamount.com,www.homeparamount.com,Forest Hill,Maryland,Pest Control,94659000,473,,Rejected,REJECT,State outside target geography: Maryland,0.0,2026-07-13T22:02:54.279313+00:00,2026-07-13T22:02:54.279313+00:00,2027-01-09T22:02:54.279326+00:00,,,,,,Default,
Hooper,hoopercorp.com,www.hoopercorp.com,Davie,Florida,Plumbing,194066000,562,,Rejected,REJECT,State outside target geography: Florida,0.0,2026-07-13T21:38:49.698278+00:00,2026-07-13T21:38:49.698278+00:00,2027-01-09T21:38:49.698294+00:00,,,,,,Default,
Horizon Services,horizonservices.com,www.horizonservices.com,Wilmington,Delaware,Plumbing,381915000,600,,Synced to HubSpot,REJECT,Already exists in imported HubSpot company index (Exact normalized company name; record 54896185104; source all-companies.csv).,0.0,2026-07-13T21:38:49.541511+00:00,2026-07-13T21:38:49.541511+00:00,,,,,,,Default,
Howe,howeinc.com,www.howeinc.com,Sioux Falls,South Dakota,Plumbing,122212000,119,,Synced to HubSpot,REJECT,Already exists in imported HubSpot company index (Exact normalized company name; record 54800925549; source all-companies.csv).,0.0,2026-07-13T21:40:54.660038+00:00,2026-07-13T21:40:54.660038+00:00,,,,,,,Default,
Humphrey & Associates,teamhumphrey.com,www.teamhumphrey.com,Carrollton,Texas,Electrical,254610000,400,,Rejected,REJECT,official-site residential home-service evidence | revenue $25M+ | target employee scale | current growth signals | excluded business-model evidence,31.0,2026-07-13T21:51:31.676693+00:00,2026-07-13T21:51:31.676693+00:00,2027-01-09T21:51:31.676705+00:00,,,,,,Default,
Hunt Electric,huntelectric.com,www.huntelectric.com,Salt Lake City,Utah,Electrical,253458000,600,,Rejected,REJECT,official-site residential home-service evidence | revenue $25M+ | target employee scale | current growth signals | excluded business-model evidence,34.0,2026-07-13T21:51:54.576076+00:00,2026-07-13T21:51:54.576076+00:00,2027-01-09T21:51:54.576088+00:00,,,,,,Default,
Hurckman Mechanical Industries,hurckman.com,www.hurckman.com,Green Bay,Wisconsin,Plumbing,85931000,135,,Rejected,REJECT,State outside target geography: Wisconsin,0.0,2026-07-13T21:42:17.561285+00:00,2026-07-13T21:42:17.561285+00:00,2027-01-09T21:42:17.561300+00:00,,,,,,Default,
Huston Electric,hustonelectric.com,www.hustonelectric.com,Kokomo,Indiana,Electrical,127305000,162,,Synced to HubSpot,REJECT,Already exists in imported HubSpot company index (Exact normalized company name; record 39367242161; source all-companies.csv).,0.0,2026-07-13T21:53:40.301223+00:00,2026-07-13T21:53:40.301223+00:00,,,,,,,Default,
Hypower,hypowerinc.com,www.hypowerinc.com,Fort Lauderdale,Florida,Electrical,97810000,400,,Rejected,REJECT,State outside target geography: Florida,0.0,2026-07-13T21:54:40.132659+00:00,2026-07-13T21:54:40.132659+00:00,2027-01-09T21:54:40.132673+00:00,,,,,,Default,
I.B. Abel,ib-abel.com,www.ib-abel.com,York,Pennsylvania,Electrical,157860000,650,,Rejected,REJECT,State outside target geography: Pennsylvania,0.0,2026-07-13T21:53:26.594424+00:00,2026-07-13T21:53:26.594424+00:00,2027-01-09T21:53:26.594437+00:00,,,,,,Default,
IME,imelect.com,www.imelect.com,Aurora,Colorado,Electrical,166512000,425,,Rejected,REJECT,official-site residential home-service evidence | revenue $25M+ | target employee scale | excluded business-model evidence,28.0,2026-07-13T21:53:26.555502+00:00,2026-07-13T21:53:26.555502+00:00,2027-01-09T21:53:26.555516+00:00,,,,,,Default,
IT Landes,itlandes.com,www.itlandes.com,Harleysville,Pennsylvania,Plumbing,68619000,172,,Synced to HubSpot,REJECT,Already exists in imported HubSpot company index (Exact normalized company name; record 56102792017; source all-companies.csv).,0.0,2026-07-13T21:43:29.444175+00:00,2026-07-13T21:43:29.444175+00:00,,,,,,,Default,
Industrial Electric,industelectric.com,www.industelectric.com,Indianapolis,Indiana,Electrical,66198000,201,,Rejected,REJECT,State outside target geography: Indiana,0.0,2026-07-13T21:57:50.519123+00:00,2026-07-13T21:57:50.519123+00:00,2027-01-09T21:57:50.519140+00:00,,,,,,Default,
Infinity Plumbing Designs,infinityplumbingdesigns.com,www.infinityplumbingdesigns.com,Corona,California,Plumbing,64974000,254,,Synced to HubSpot,REJECT,Already exists in imported HubSpot company index (Exact normalized company name; record 39356001956; source all-companies.csv).,0.0,2026-07-13T21:43:40.209690+00:00,2026-07-13T21:43:40.209690+00:00,,,,,,,Default,
Intech Mechanical,intech-mech.com,www.intech-mech.com,Roseville,California,Plumbing,74148000,164,,Rejected,REJECT,State outside target geography: California,0.0,2026-07-13T21:42:32.064710+00:00,2026-07-13T21:42:32.064710+00:00,2027-01-09T21:42:32.064722+00:00,,,,,,Default,
Integrated Facility Services,intfs.com,www.intfs.com,Fenton,Missouri,Plumbing,59504000,233,,Synced to HubSpot,REJECT,Already exists in imported HubSpot company index (Exact normalized company name; record 55461232493; source all-companies.csv).,0.0,2026-07-13T21:46:18.149585+00:00,2026-07-13T21:46:18.149585+00:00,,,,,,,Default,
Interstate Electrical Services,iesc1.com,www.iesc1.com,Billerica,Massachusetts,Electrical,90437000,588,,Synced to HubSpot,REJECT,Already exists in imported HubSpot company index (Exact normalized company name; record 39351974942; source all-companies.csv).,0.0,2026-07-13T21:54:40.219195+00:00,2026-07-13T21:54:40.219195+00:00,,,,,,,Default,
Interstate Mechanical,imcor-az.com,www.imcor-az.com,Phoenix,Arizona,Plumbing,99008000,330,,Synced to HubSpot,REJECT,Already exists in imported HubSpot company index (Exact normalized company name; record 53548771384; source all-companies.csv).,0.0,2026-07-13T21:41:56.542267+00:00,2026-07-13T21:41:56.542267+00:00,,,,,,,Default,
Interstate Mechanical Contractors,interstatemechanical.com,www.interstatemechanical.com,Knoxville,Tennessee,Plumbing,95479000,150,,Rejected,REJECT,State outside target geography: Tennessee,0.0,2026-07-13T21:41:56.585207+00:00,2026-07-13T21:41:56.585207+00:00,2027-01-09T21:41:56.585220+00:00,,,,,,Default,
J A Lee Electric,jalee.us,www.jalee.us,Clifton,New Jersey,Electrical,70078000,122,,Rejected,REJECT,State outside target geography: New Jersey,0.0,2026-07-13T21:57:26.824392+00:00,2026-07-13T21:57:26.824392+00:00,2027-01-09T21:57:26.824404+00:00,,,,,,Default,
J.A. Croson,jacroson.com,www.jacroson.com,Sorrento,Florida,Plumbing,93403000,316,,Rejected,REJECT,State outside target geography: Florida,0.0,2026-07-13T21:42:06.948096+00:00,2026-07-13T21:42:06.948096+00:00,2027-01-09T21:42:06.948107+00:00,,,,,,Default,
J.M. Electric,jmelectrical.com,www.jmelectrical.com,Lynnfield,Massachusetts,Electrical,91383000,74,,Rejected,REJECT,State outside target geography: Massachusetts,0.0,2026-07-13T21:54:40.212877+00:00,2026-07-13T21:54:40.212877+00:00,2027-01-09T21:54:40.212887+00:00,,,,,,Default,
"JBI Electrical Systems, Inc",jbielectric.com,www.jbielectric.com,Fort Worth,Texas,Electrical,72395000,222,,Rejected,REJECT,revenue $25M+ | target employee scale,28.0,2026-07-13T21:56:28.772553+00:00,2026-07-13T21:56:28.772553+00:00,2027-01-09T21:56:28.772564+00:00,,,,,,Default,
JH Kelly,jhkelly.com,www.jhkelly.com,Longview,Washington,Plumbing,299586000,830,,Synced to HubSpot,REJECT,Already exists in imported HubSpot company index (Exact normalized company name; record 55509514835; source all-companies.csv).,0.0,2026-07-13T21:38:49.595268+00:00,2026-07-13T21:38:49.595268+00:00,,,,,,,Default,
JMEG,jmeg.us,www.jmeg.us,Farmers Branch,Texas,Electrical,125000000,827,,Rejected,REJECT,official-site residential home-service evidence | revenue $25M+ | target employee scale | current growth signals | excluded business-model evidence,34.0,2026-07-13T21:54:04.230505+00:00,2026-07-13T21:54:04.230505+00:00,2027-01-09T21:54:04.230518+00:00,,,,,,Default,
JRC Mechanical,jrcmechanical.com,www.jrcmechanical.com,Chesapeake,Virginia,Plumbing,60211000,275,,Rejected,REJECT,State outside target geography: Virginia,0.0,2026-07-13T21:44:44.144146+00:00,2026-07-13T21:44:44.144146+00:00,2027-01-09T21:44:44.144156+00:00,,,,,,Default,
JTI Electric,jtielectric.com,www.jtielectric.com,Valdosta,Georgia,Electrical,69903000,200,,Rejected,REJECT,State outside target geography: Georgia,0.0,2026-07-13T21:57:26.849553+00:00,2026-07-13T21:57:26.849553+00:00,2027-01-09T21:57:26.849567+00:00,,,,,,Default,
Jet Industries,jetindustries.net,www.jetindustries.net,Salem,Oregon,Electrical,263053000,361,,Synced to HubSpot,REJECT,Already exists in imported HubSpot company index (Exact normalized company name; record 53547189616; source all-companies.csv).,0.0,2026-07-13T21:38:49.609072+00:00,2026-07-13T21:51:21.114742+00:00,,,,,,,Default,
Jon Wayne Service,jonwayne.com,www.jonwayne.com,San Antonio,Texas,Plumbing,48942000,166,,Synced to HubSpot,REJECT,Already exists in imported HubSpot company index (Exact normalized company name; record 55012657829; source all-companies.csv).,0.0,2026-07-13T21:48:21.705182+00:00,2026-07-13T21:48:21.705182+00:00,,,,,,,Default,
K2 Electric,k2elec.com,www.k2elec.com,Phoenix,Arizona,Electrical,190958000,300,,Synced to HubSpot,REJECT,Already exists in imported HubSpot company index (Exact normalized company name; record 39368174395; source all-companies.csv).,0.0,2026-07-13T21:52:26.898341+00:00,2026-07-13T21:52:26.898341+00:00,,,,,,,Default,
KelsoBurnett,kelso-burnett.com,www.kelso-burnett.com,Rolling Meadows,Illinois,Electrical,111708000,350,,Rejected,REJECT,State outside target geography: Illinois,0.0,2026-07-13T21:54:15.921492+00:00,2026-07-13T21:54:15.921492+00:00,2027-01-09T21:54:15.921506+00:00,,,,,,Default,
KenMor Electric,kenmor.com,www.kenmor.com,Houston,Texas,Electrical,220238000,346,,Synced to HubSpot,REJECT,Already exists in imported HubSpot company index (Exact normalized company name; record 39368174397; source all-companies.csv).,0.0,2026-07-13T21:52:06.522446+00:00,2026-07-13T21:52:06.522446+00:00,,,,,,,Default,
Kenny Electric,kenny-electric.com,www.kenny-electric.com,Denver,Colorado,Electrical,73597000,324,,Rejected,REJECT,revenue $25M+ | target employee scale | current growth signals,34.0,2026-07-13T21:55:52.727175+00:00,2026-07-13T21:55:52.727175+00:00,2027-01-09T21:55:52.727190+00:00,,,,,,Default,
Kilgore Industries,kilgoreind.com,www.kilgoreind.com,Houston,Texas,Electrical,77437000,800,,Synced to HubSpot,REJECT,Already exists in imported HubSpot company index (Exact normalized company name; record 53540237569; source all-companies.csv).,0.0,2026-07-13T21:42:17.672627+00:00,2026-07-13T21:55:23.969415+00:00,,,,,,,Default,
Kleenco Maintenance & Construction,kleencousa.com,www.kleencousa.com,Alexandria,Indiana,Plumbing,45153000,33,,Rejected,REJECT,State outside target geography: Indiana,0.0,2026-07-13T21:49:12.940264+00:00,2026-07-13T21:49:12.940264+00:00,2027-01-09T21:49:12.940278+00:00,,,,,,Default,
Knobelsdorff Electric,knobelsdorffenterprises.com,www.knobelsdorffenterprises.com,Goodhue,Minnesota,Electrical,318262000,500,,Rejected,REJECT,State outside target geography: Minnesota,0.0,2026-07-13T21:51:21.018695+00:00,2026-07-13T21:51:21.018695+00:00,2027-01-09T21:51:21.018709+00:00,,,,,,Default,
L&S Mechanical,lsmech.com,www.lsmech.com,Richardson,Texas,Plumbing,254610000,398,,Synced to HubSpot,REJECT,Already exists in imported HubSpot company index (Exact normalized company name; record 39372398704; source all-companies.csv).,0.0,2026-07-13T21:38:49.615707+00:00,2026-07-13T21:38:49.615707+00:00,,,,,,,Default,
LEGACY Power,legacypower.com,www.legacypower.com,Burley,Washington,Electrical,96752000,152,,Rejected,REJECT,State outside target geography: Washington,0.0,2026-07-13T21:54:40.145990+00:00,2026-07-13T21:54:40.145990+00:00,2027-01-09T21:54:40.146002+00:00,,,,,,Default,
Lake Erie Electric,lakeerieelectric.com,www.lakeerieelectric.com,Plain City,Ohio,Electrical,126491000,519,,Synced to HubSpot,REJECT,Already exists in imported HubSpot company index (Exact normalized company name; record 39397378329; source all-companies.csv).,0.0,2026-07-13T21:53:40.360664+00:00,2026-07-13T21:53:40.360664+00:00,,,,,,,Default,
Lawn Doctor,lawndoctor.com,www.lawndoctor.com,Holmdel,New Jersey,Pest Control,118000000,400,,Synced to HubSpot,REJECT,Already exists in imported HubSpot company index (Exact normalized company name; record 56468290092; source all-companies.csv).,0.0,2026-07-13T22:02:54.188247+00:00,2026-07-13T22:02:54.188247+00:00,,,,,,,Default,
Lawson Electric,lawsonelectric.com,www.lawsonelectric.com,Chattanooga,Tennessee,Electrical,115867000,419,,Synced to HubSpot,REJECT,Already exists in imported HubSpot company index (Exact normalized company name; record 39351662934; source all-companies.csv).,0.0,2026-07-13T21:54:13.458991+00:00,2026-07-13T21:54:13.458991+00:00,,,,,,,Default,
Len The Plumber,lentheplumber.com,www.lentheplumber.com,Baltimore,Maryland,Plumbing,74106000,120,,Synced to HubSpot,REJECT,Already exists in imported HubSpot company index (Exact normalized company name; record 31903416922; source all-companies.csv).,0.0,2026-07-13T21:42:32.071496+00:00,2026-07-13T21:42:32.071496+00:00,,,,,,,Default,
Lighthouse Electric,lighthouseelectric.com,www.lighthouseelectric.com,Canonsburg,Pennsylvania,Electrical,254816000,300,,Synced to HubSpot,REJECT,Already exists in imported HubSpot company index (Exact normalized company name; record 39353520441; source all-companies.csv).,0.0,2026-07-13T21:51:21.120827+00:00,2026-07-13T21:51:21.120827+00:00,,,,,,,Default,
Lloyd Pest Control,lloydpest.com,www.lloydpest.com,San Diego,California,Pest Control,63777000,296,,Rejected,REJECT,State outside target geography: California,0.0,2026-07-13T22:03:06.485562+00:00,2026-07-13T22:03:06.485562+00:00,2027-01-09T22:03:06.485583+00:00,,,,,,Default,
MAXAIR Mechanical,maxairmech.com,www.maxairmech.com,Marietta,Georgia,Plumbing,250791000,394,,Synced to HubSpot,REJECT,Already exists in imported HubSpot company index (Exact normalized company name; record 53552491615; source all-companies.csv).,0.0,2026-07-13T21:38:49.629806+00:00,2026-07-13T21:38:49.629806+00:00,,,,,,,Default,
MB Haynes Corporation,mbhaynes.com,www.mbhaynes.com,Asheville,North Carolina,Plumbing,129238000,500,,Rejected,REJECT,State outside target geography: North Carolina,0.0,2026-07-13T21:40:39.485439+00:00,2026-07-13T21:40:39.485439+00:00,2027-01-09T21:40:39.485453+00:00,,,,,,Default,
MDavis,mdavisinc.com,www.mdavisinc.com,Wilmington,Delaware,Electrical,94355000,388,,Rejected,REJECT,State outside target geography: Delaware,0.0,2026-07-13T21:54:40.194624+00:00,2026-07-13T21:54:40.194624+00:00,2027-01-09T21:54:40.194637+00:00,,,,,,Default,
MKD Electric,mkdelectric.com,www.mkdelectric.com,Elgin,Illinois,Electrical,169952000,267,,Synced to HubSpot,REJECT,Already exists in imported HubSpot company index (Exact normalized company name; record 39355227464; source all-companies.csv).,0.0,2026-07-13T21:53:14.474016+00:00,2026-07-13T21:53:14.474016+00:00,,,,,,,Default,
MLN Company,mlncompany.com,www.mlncompany.com,Stafford,Texas,Plumbing,95478000,211,,Rejected,REJECT,official-site residential home-service evidence | revenue $25M+ | target employee scale | current growth signals | excluded business-model evidence,31.0,2026-07-13T21:42:06.923535+00:00,2026-07-13T21:42:06.923535+00:00,2027-01-09T21:42:06.923550+00:00,,,,,,Default,
MacCormack Plumbing,maccormackplumbing.com,www.maccormackplumbing.com,Billerica,Massachusetts,Plumbing,52813000,229,,Rejected,REJECT,State outside target geography: Massachusetts,0.0,2026-07-13T21:46:39.353335+00:00,2026-07-13T21:46:39.353335+00:00,2027-01-09T21:46:39.353349+00:00,,,,,,Default,
Maccarone Plumbing,maccaroneplumbing.com,www.maccaroneplumbing.com,Glen Cove,New York,Plumbing,62205000,261,,Synced to HubSpot,REJECT,Already exists in imported HubSpot company index (Exact normalized company name; record 56104641864; source all-companies.csv).,0.0,2026-07-13T21:43:40.298501+00:00,2026-07-13T21:43:40.298501+00:00,,,,,,,Default,
Magnolia Plumbing,magnoliacommercial.com,www.magnoliacommercial.com,Washington,District of Columbia,Plumbing,88844000,314,,Synced to HubSpot,REJECT,Already exists in imported HubSpot company index (Exact normalized company name; record 31857581171; source all-companies.csv).,0.0,2026-07-13T21:42:17.534295+00:00,2026-07-13T21:42:17.534295+00:00,,,,,,,Default,
Maintenx,maintenx.com,www.maintenx.com,Tampa,Florida,Plumbing,62165000,287,,Rejected,REJECT,State outside target geography: Florida,0.0,2026-07-13T21:43:40.326568+00:00,2026-07-13T21:43:40.326568+00:00,2027-01-09T21:43:40.326579+00:00,,,,,,Default,
Marathon Electrical Contractors,marathonelectrical.com,www.marathonelectrical.com,Irondale,Alabama,Electrical,139843000,600,,Synced to HubSpot,REJECT,Already exists in imported HubSpot company index (Exact normalized company name; record 39367704351; source all-companies.csv).,0.0,2026-07-13T21:53:40.206848+00:00,2026-07-13T21:53:40.206848+00:00,,,,,,,Default,
Mark III Construction,mark-three.com,www.mark-three.com,Sacramento,California,Plumbing,65192000,327,,Rejected,REJECT,State outside target geography: California,0.0,2026-07-13T21:43:40.185527+00:00,2026-07-13T21:43:40.185527+00:00,2027-01-09T21:43:40.185543+00:00,,,,,,Default,
Matco Electric,matcoelectric.com,www.matcoelectric.com,Vestal,New York,Electrical,191197000,638,,Rejected,REJECT,State outside target geography: New York,0.0,2026-07-13T21:52:26.877765+00:00,2026-07-13T21:52:26.877765+00:00,2027-01-09T21:52:26.877777+00:00,,,,,,Default,
McKamish,mckamish.com,www.mckamish.com,Pittsburgh,Pennsylvania,Plumbing,156416000,252,,Synced to HubSpot,REJECT,Already exists in imported HubSpot company index (Exact normalized company name; record 53533619779; source all-companies.csv).,0.0,2026-07-13T21:40:03.681617+00:00,2026-07-13T21:40:03.681617+00:00,,,,,,,Default,
McPhee Electric,mcpheeelectric.com,www.mcpheeelectric.com,Charlotte,Michigan,Electrical,69051000,141,,Rejected,REJECT,State outside target geography: Michigan,0.0,2026-07-13T21:57:26.873552+00:00,2026-07-13T21:57:26.873552+00:00,2027-01-09T21:57:26.873566+00:00,,,,,,Default,
Mechanical Systems,msystemscompany.com,www.msystemscompany.com,Memphis,Tennessee,Plumbing,80202000,126,,Synced to HubSpot,REJECT,Already exists in imported HubSpot company index (Exact normalized company name; record 39366318881; source all-companies.csv).,0.0,2026-07-13T21:42:17.637671+00:00,2026-07-13T21:42:17.637671+00:00,,,,,,,Default,
Meisner Electric,meisnerelectric.com,www.meisnerelectric.com,Boca Raton,Florida,Electrical,69025000,271,,Synced to HubSpot,REJECT,Already exists in imported HubSpot company index (Exact normalized company name; record 39356312954; source all-companies.csv).,0.0,2026-07-13T21:57:26.888599+00:00,2026-07-13T21:57:26.888599+00:00,,,,,,,Default,
MetroPower,metropower.com,www.metropower.com,Albany,Georgia,Electrical,89459000,830,,Rejected,REJECT,State outside target geography: Georgia,0.0,2026-07-13T21:54:40.242564+00:00,2026-07-13T21:54:40.242564+00:00,2027-01-09T21:54:40.242578+00:00,,,,,,Default,
Midwestern Mechanical,midwesternmechanical.com,www.midwesternmechanical.com,Sioux Falls,South Dakota,Plumbing,62067000,274,,Rejected,REJECT,State outside target geography: South Dakota,0.0,2026-07-13T21:43:40.339993+00:00,2026-07-13T21:43:40.339993+00:00,2027-01-09T21:43:40.340004+00:00,,,,,,Default,
Mikoma Electric,mikomaelectric.com,www.mikomaelectric.com,Staten Island,New York,Electrical,98908000,435,,Rejected,REJECT,State outside target geography: New York,0.0,2026-07-13T21:54:40.120294+00:00,2026-07-13T21:54:40.120294+00:00,2027-01-09T21:54:40.120308+00:00,,,,,,Default,
Mister Sparky,mistersparky.com,www.mistersparky.com,Phoenix,Arizona,Plumbing,50026000,409,,Qualified,ACCEPT,official-site residential home-service evidence | revenue $25M+ | target employee scale | current growth signals,89.0,2026-07-13T21:47:35.693329+00:00,2026-07-13T21:47:35.693329+00:00,,,,,,,Default,
Modern Mechanical,modernmec.com,www.modernmec.com,Ashburn,Virginia,Plumbing,108846000,92,,Rejected,REJECT,State outside target geography: Virginia,0.0,2026-07-13T21:40:54.750770+00:00,2026-07-13T21:40:54.750770+00:00,2027-01-09T21:40:54.750799+00:00,,,,,,Default,
Mona Electric Group,,,Clinton,Maryland,Electrical,388540000,454,,Rejected,REJECT,State outside target geography: Maryland,0.0,2026-07-13T21:51:20.928006+00:00,2026-07-13T21:51:20.928006+00:00,2027-01-09T21:51:20.928019+00:00,,,,,,Default,
Moore's Electrical & Mechanical,mooreselectric.com,www.mooreselectric.com,Altavista,Virginia,Electrical,73425000,622,,Synced to HubSpot,REJECT,Already exists in imported HubSpot company index (Exact normalized company name; record 39344091763; source all-companies.csv).,0.0,2026-07-13T21:55:52.735450+00:00,2026-07-13T21:55:52.735450+00:00,,,,,,,Default,
Morley Moss,morleymoss.com,www.morleymoss.com,Sunnyvale,Texas,Electrical,148310000,230,,Rejected,REJECT,revenue $25M+ | target employee scale | current growth signals,34.0,2026-07-13T21:53:40.175366+00:00,2026-07-13T21:53:40.175366+00:00,2027-01-09T21:53:40.175378+00:00,,,,,,Default,
Morris-Jenkins,morrisjenkins.com,www.morrisjenkins.com,Charlotte,North Carolina,Plumbing,65292000,280,,Synced to HubSpot,REJECT,Already exists in imported HubSpot company index (Exact normalized company name; record 55078542145; source all-companies.csv).,0.0,2026-07-13T21:43:40.173458+00:00,2026-07-13T21:43:40.173458+00:00,,,,,,,Default,
Motor City Electric,mceco.com,www.mceco.com,Detroit,Michigan,Electrical,455000000,450,,Synced to HubSpot,REJECT,Already exists in imported HubSpot company index (Exact normalized company name; record 39356156160; source all-companies.csv).,0.0,2026-07-13T21:50:58.525540+00:00,2026-07-13T21:50:58.525540+00:00,,,,,,,Default,
Multi-Craft Contractors,multi-craft.net,www.multi-craft.net,Springdale,Arkansas,Plumbing,445566000,649,,Rejected,REJECT,State outside target geography: Arkansas,0.0,2026-07-13T21:38:49.525945+00:00,2026-07-13T21:38:49.525945+00:00,2027-01-09T21:38:49.525963+00:00,,,,,,Default,
Mustang Plumbing,mustangplumbingrr.com,www.mustangplumbingrr.com,Round Rock,Texas,Plumbing,169952000,267,,Synced to HubSpot,REJECT,Already exists in imported HubSpot company index (Exact normalized company name; record 54034628216; source all-companies.csv).,0.0,2026-07-13T21:40:03.626516+00:00,2026-07-13T21:40:03.626516+00:00,,,,,,,Default,
Muth Electric,muthelectric.com,www.muthelectric.com,Mitchell,South Dakota,Electrical,188020000,396,,Synced to HubSpot,REJECT,Already exists in imported HubSpot company index (Exact normalized company name; record 39402455146; source all-companies.csv).,0.0,2026-07-13T21:52:26.947547+00:00,2026-07-13T21:52:26.947547+00:00,,,,,,,Default,
NAC,nac-hvac.com,www.nac-hvac.com,Vadnais Heights,Minnesota,Plumbing,208780000,328,,Rejected,REJECT,State outside target geography: Minnesota,0.0,2026-07-13T21:38:49.656210+00:00,2026-07-13T21:38:49.656210+00:00,2027-01-09T21:38:49.656228+00:00,,,,,,Default,
NEXT Electric,nextelectricllc.com,www.nextelectricllc.com,Waukesha,Wisconsin,Electrical,100920000,268,,Rejected,REJECT,State outside target geography: Wisconsin,0.0,2026-07-13T21:54:40.106725+00:00,2026-07-13T21:54:40.106725+00:00,2027-01-09T21:54:40.106739+00:00,,,,,,Default,
NOARK Electric,noark-electric.eu,www.noark-electric.eu,Prague,Oklahoma,Electrical,213714000,972,,Rejected,REJECT,official-site residential home-service evidence | revenue $25M+ | target employee scale | current growth signals | excluded business-model evidence,37.0,2026-07-13T21:52:26.825620+00:00,2026-07-13T21:52:26.825620+00:00,2027-01-09T21:52:26.825632+00:00,,,,,,Default,
NP Mechanical,npmechanicalinc.net,www.npmechanicalinc.net,Corona,California,Plumbing,67528000,411,,Synced to HubSpot,REJECT,Already exists in imported HubSpot company index (Exact normalized company name; record 56197715735; source all-companies.csv).,0.0,2026-07-13T21:43:40.142607+00:00,2026-07-13T21:43:40.142607+00:00,,,,,,,Default,
National HVAC Service,nationalhvacservice.com,www.nationalhvacservice.com,Nashville,Tennessee,Plumbing,69586000,435,,Synced to HubSpot,REJECT,Already exists in imported HubSpot company index (Exact normalized company name; record 55165787972; source all-companies.csv).,0.0,2026-07-13T21:42:46.146620+00:00,2026-07-13T21:42:46.146620+00:00,,,,,,,Default,
NaturaLawn,naturalawn.com,www.naturalawn.com,Frederick,Maryland,Pest Control,145777000,395,,Rejected,REJECT,State outside target geography: Maryland,0.0,2026-07-13T22:02:09.549150+00:00,2026-07-13T22:02:09.549150+00:00,2027-01-09T22:02:09.549159+00:00,,,,,,Default,
Neal Electric,nealelectric.com,www.nealelectric.com,Carlsbad,California,Electrical,78752000,368,,Synced to HubSpot,REJECT,Already exists in imported HubSpot company index (Exact normalized company name; record 39355227470; source all-companies.csv).,0.0,2026-07-13T21:55:11.614500+00:00,2026-07-13T21:55:11.614500+00:00,,,,,,,Default,
NearU,nearu-services.com,www.nearu-services.com,Charlotte,North Carolina,Electrical,210052000,1000,,Synced to HubSpot,REJECT,Already exists in imported HubSpot company index (Exact normalized company name; record 55846004902; source all-companies.csv).,0.0,2026-07-13T21:38:49.643762+00:00,2026-07-13T21:52:26.831704+00:00,,,,,,,Default,
New Electric,newelectricaz.com,www.newelectricaz.com,Phoenix,Arizona,Electrical,65297000,111,,Qualified,ACCEPT,official-site residential home-service evidence | revenue $25M+ | target employee scale,83.0,2026-07-13T21:58:02.715568+00:00,2026-07-13T21:58:02.715568+00:00,,,,,,,Default,
Newcomb and Company,newcombandcompany.com,www.newcombandcompany.com,Raleigh,North Carolina,Plumbing,70878000,357,,Rejected,REJECT,State outside target geography: North Carolina,0.0,2026-07-13T21:42:33.986839+00:00,2026-07-13T21:42:33.986839+00:00,2027-01-09T21:42:33.986855+00:00,,,,,,Default,
Newkirk Electric Associates,newkirk-electric.com,www.newkirk-electric.com,Muskegon,Michigan,Electrical,156249000,500,,Rejected,REJECT,State outside target geography: Michigan,0.0,2026-07-13T21:53:26.607291+00:00,2026-07-13T21:53:26.607291+00:00,2027-01-09T21:53:26.607319+00:00,,,,,,Default,
North American Mechanical,naminc.com,www.naminc.com,Windsor,Wisconsin,Plumbing,124759000,196,,Synced to HubSpot,REJECT,Already exists in imported HubSpot company index (Exact normalized company name; record 39357538084; source all-companies.csv).,0.0,2026-07-13T21:40:39.544852+00:00,2026-07-13T21:40:39.544852+00:00,,,,,,,Default,
Northwest Exterminating,callnorthwest.com,www.callnorthwest.com,Marietta,Georgia,Pest Control,204939000,1000,,Rejected,REJECT,State outside target geography: Georgia,0.0,2026-07-13T22:00:53.893391+00:00,2026-07-13T22:00:53.893391+00:00,2027-01-09T22:00:53.893405+00:00,,,,,,Default,
Oil Capital Electric,oilcapitalelectric.com,www.oilcapitalelectric.com,Broken Arrow,Oklahoma,Electrical,68698000,279,,Synced to HubSpot,REJECT,Already exists in imported HubSpot company index (Exact normalized company name; record 39367556366; source all-companies.csv).,0.0,2026-07-13T21:57:50.432683+00:00,2026-07-13T21:57:50.432683+00:00,,,,,,,Default,
Oliver Heating & Cooling,oliverheatcool.com,www.oliverheatcool.com,Morton,Pennsylvania,Electrical,80151000,177,,Synced to HubSpot,REJECT,Already exists in imported HubSpot company index (Exact normalized company name; record 54170555267; source all-companies.csv).,0.0,2026-07-13T21:42:17.644871+00:00,2026-07-13T21:55:11.540904+00:00,,,,,,,Default,
Oliver Mechanical Services,olivermechanicalservices.com,www.olivermechanicalservices.com,Morton,Pennsylvania,Plumbing,121244000,220,,Rejected,REJECT,State outside target geography: Pennsylvania,0.0,2026-07-13T21:40:54.671302+00:00,2026-07-13T21:40:54.671302+00:00,2027-01-09T21:40:54.671316+00:00,,,,,,Default,
Option One Plumbing,optiononeplumbing.com,www.optiononeplumbing.com,Rancho Cucamonga,California,Plumbing,46166000,43,,Rejected,REJECT,State outside target geography: California,0.0,2026-07-13T21:49:12.918228+00:00,2026-07-13T21:49:12.918228+00:00,2027-01-09T21:49:12.918239+00:00,,,,,,Default,
O’Connell Electric,oconnellelectric.com,www.oconnellelectric.com,Victor,New York,Electrical,471665000,741,,Rejected,REJECT,State outside target geography: New York,0.0,2026-07-13T21:50:58.505033+00:00,2026-07-13T21:50:58.505033+00:00,2027-01-09T21:50:58.505050+00:00,,,,,,Default,
P1 Service,p1-service.com,www.p1-service.com,Topeka,Kansas,Plumbing,122213000,192,,Rejected,REJECT,State outside target geography: Kansas,0.0,2026-07-13T21:40:54.654383+00:00,2026-07-13T21:40:54.654383+00:00,2027-01-09T21:40:54.654395+00:00,,,,,,Default,
PAR Group,pargroup.com,www.pargroup.com,Lynbrook,New York,Plumbing,61182000,465,,Synced to HubSpot,REJECT,Already exists in imported HubSpot company index (Exact normalized company name; record 54193371488; source all-companies.csv).,0.0,2026-07-13T21:43:50.802400+00:00,2026-07-13T21:43:50.802400+00:00,,,,,,,Default,
PGA,pgainc.net,www.pgainc.net,Weston,Wisconsin,Electrical,65610000,74,,Synced to HubSpot,REJECT,Already exists in imported HubSpot company index (Exact normalized company name; record 31900435508; source all-companies.csv).,0.0,2026-07-13T21:57:50.525189+00:00,2026-07-13T21:57:50.525189+00:00,,,,,,,Default,
Pacific Production Plumbing,pacificproduction.com,www.pacificproduction.com,Riverside,California,Plumbing,58227000,237,,Rejected,REJECT,State outside target geography: California,0.0,2026-07-13T21:46:18.191198+00:00,2026-07-13T21:46:18.191198+00:00,2027-01-09T21:46:18.191210+00:00,,,,,,Default,
Paramount Mechanical,paramount-mech.com,www.paramount-mech.com,Manassas,Virginia,Plumbing,84022000,132,,Rejected,REJECT,State outside target geography: Virginia,0.0,2026-07-13T21:42:17.588844+00:00,2026-07-13T21:42:17.588844+00:00,2027-01-09T21:42:17.588860+00:00,,,,,,Default,
Peaden,peaden.com,www.peaden.com,Fort Walton Beach,Florida,Plumbing,71971000,259,,Rejected,REJECT,State outside target geography: Florida,0.0,2026-07-13T21:42:33.960913+00:00,2026-07-13T21:42:33.960913+00:00,2027-01-09T21:42:33.960928+00:00,,,,,,Default,
Pest Solutions,pestsolutionstx.com,www.pestsolutionstx.com,Victoria,Texas,Pest Control,87118000,414,,Rejected,REJECT,official-site residential home-service evidence | revenue $25M+ | target employee scale | excluded business-model evidence,28.0,2026-07-13T22:03:06.408559+00:00,2026-07-13T22:03:06.408559+00:00,2027-01-09T22:03:06.408575+00:00,,,,,,Default,
Phalcon,phalconusa.com,www.phalconusa.com,Farmington,Connecticut,Electrical,67018000,314,,Rejected,REJECT,State outside target geography: Connecticut,0.0,2026-07-13T21:57:50.470292+00:00,2026-07-13T21:57:50.470292+00:00,2027-01-09T21:57:50.470307+00:00,,,,,,Default,
Pieper Electric,pieperpower.com,www.pieperpower.com,New Berlin,Wisconsin,Electrical,278629000,575,,Synced to HubSpot,REJECT,Already exists in imported HubSpot company index (Exact normalized company name; record 55462980649; source all-companies.csv).,0.0,2026-07-13T21:51:21.106625+00:00,2026-07-13T21:51:21.106625+00:00,,,,,,,Default,
Plunkett's Pest Control,plunketts.net,www.plunketts.net,Fridley,Minnesota,Pest Control,156633000,640,,Rejected,REJECT,State outside target geography: Minnesota,0.0,2026-07-13T22:02:09.525335+00:00,2026-07-13T22:02:09.525335+00:00,2027-01-09T22:02:09.525346+00:00,,,,,,Default,
Poole & Kent,pkcorp.com,www.pkcorp.com,Halethorpe,Maryland,Plumbing,162951000,255,,Rejected,REJECT,State outside target geography: Maryland,0.0,2026-07-13T21:40:03.647259+00:00,2026-07-13T21:40:03.647259+00:00,2027-01-09T21:40:03.647270+00:00,,,,,,Default,
Power Plumbing,powerlp.com,www.powerlp.com,Houston,Texas,Plumbing,47951000,276,,Qualified,ACCEPT,official-site residential home-service evidence | revenue $25M+ | target employee scale | current growth signals | visible marketing maturity,91.0,2026-07-13T21:48:34.990986+00:00,2026-07-13T21:48:34.990986+00:00,,,,,,,Default,
PowerHouse Electrical Services,powerhouse-es.com,www.powerhouse-es.com,Pflugerville,Texas,Electrical,178227000,280,,Qualified,ACCEPT,official-site residential home-service evidence | revenue $25M+ | target employee scale,83.0,2026-07-13T21:52:41.780287+00:00,2026-07-13T21:52:41.780287+00:00,,,,,,,Default,
PowerPlus,powerplus.com,www.powerplus.com,Anaheim,California,Electrical,81489000,386,,Rejected,REJECT,State outside target geography: California,0.0,2026-07-13T21:55:11.522574+00:00,2026-07-13T21:55:11.522574+00:00,2027-01-09T21:55:11.522589+00:00,,,,,,Default,
Prairie Electric,prairielectric.com,www.prairielectric.com,Vancouver,Washington,Electrical,78504000,340,,Rejected,REJECT,State outside target geography: Washington,0.0,2026-07-13T21:55:11.626599+00:00,2026-07-13T21:55:11.626599+00:00,2027-01-09T21:55:11.626611+00:00,,,,,,Default,
Preventive Pest Control,preventivepestcontrol.com,www.preventivepestcontrol.com,Anaheim,California,Pest Control,65354000,218,,Rejected,REJECT,State outside target geography: California,0.0,2026-07-13T22:03:06.472368+00:00,2026-07-13T22:03:06.472368+00:00,2027-01-09T22:03:06.472396+00:00,,,,,,Default,
Price Brothers,pricebrothersinc.com,www.pricebrothersinc.com,Charlotte,North Carolina,Plumbing,166770000,262,,Rejected,REJECT,State outside target geography: North Carolina,0.0,2026-07-13T21:40:03.636372+00:00,2026-07-13T21:40:03.636372+00:00,2027-01-09T21:40:03.636388+00:00,,,,,,Default,
"Pride Electric, Inc.",prideelectric.com,www.prideelectric.com,Redmond,Washington,Electrical,190958000,300,,Rejected,REJECT,State outside target geography: Washington,0.0,2026-07-13T21:52:26.891015+00:00,2026-07-13T21:52:26.891015+00:00,2027-01-09T21:52:26.891042+00:00,,,,,,Default,
Prism Electric,prismelectric.com,www.prismelectric.com,Garland,Texas,Electrical,142076000,618,,Synced to HubSpot,REJECT,Already exists in imported HubSpot company index (Exact normalized company name; record 39369568918; source all-companies.csv).,0.0,2026-07-13T21:53:40.200150+00:00,2026-07-13T21:53:40.200150+00:00,,,,,,,Default,
ProActive Pest Management Services,proactivepestmanagement.com,www.proactivepestmanagement.com,Naperville,Illinois,Pest Control,61482000,300,,Rejected,REJECT,State outside target geography: Illinois,0.0,2026-07-13T22:03:06.514485+00:00,2026-07-13T22:03:06.514485+00:00,2027-01-09T22:03:06.514498+00:00,,,,,,Default,
Pueblo,pueblo-mechanical.com,www.pueblo-mechanical.com,Phoenix,Arizona,Plumbing,124758000,522,,Rejected,REJECT,revenue $25M+ | target employee scale | visible marketing maturity | excluded business-model evidence,0.0,2026-07-13T21:40:54.641640+00:00,2026-07-13T21:40:54.641640+00:00,2027-01-09T21:40:54.641653+00:00,,,,,,Default,
QSI,qsibanking.com,www.qsibanking.com,Bardstown,Kentucky,Electrical,360894000,700,,Rejected,REJECT,State outside target geography: Kentucky,0.0,2026-07-13T21:51:20.959077+00:00,2026-07-13T21:51:20.959077+00:00,2027-01-09T21:51:20.959089+00:00,,,,,,Default,
Qmerit,qmerit.com,www.qmerit.com,Irvine,California,Electrical,190958000,106,,Rejected,REJECT,State outside target geography: California,0.0,2026-07-13T21:52:26.928714+00:00,2026-07-13T21:52:26.928714+00:00,2027-01-09T21:52:26.928725+00:00,,,,,,Default,
R.S. Andrews,rsandrews.com,www.rsandrews.com,Atlanta,Georgia,Plumbing,139715000,92,,Rejected,REJECT,State outside target geography: Georgia,0.0,2026-07-13T21:40:39.434977+00:00,2026-07-13T21:40:39.434977+00:00,2027-01-09T21:40:39.434992+00:00,,,,,,Default,
R.T. Moore Mechanical Contractors,rtmoore.com,www.rtmoore.com,Indianapolis,Indiana,Plumbing,200000000,800,,Rejected,REJECT,State outside target geography: Indiana,0.0,2026-07-13T21:38:49.679517+00:00,2026-07-13T21:38:49.679517+00:00,2027-01-09T21:38:49.679530+00:00,,,,,,Default,
RAVEN Mechanical,ravenmechanical.com,www.ravenmechanical.com,Houston,Texas,Plumbing,143855000,219,,Rejected,REJECT,revenue $25M+ | target employee scale | excluded business-model evidence,0.0,2026-07-13T21:40:39.423757+00:00,2026-07-13T21:40:39.423757+00:00,2027-01-09T21:40:39.423768+00:00,,,,,,Default,
RHD Plumbing,rhdplumbing.com,www.rhdplumbing.com,Stoughton,Wisconsin,Plumbing,63653000,101,,Rejected,REJECT,State outside target geography: Wisconsin,0.0,2026-07-13T21:43:40.265144+00:00,2026-07-13T21:43:40.265144+00:00,2027-01-09T21:43:40.265157+00:00,,,,,,Default,
RPE Contracting,rpecontracting.com,www.rpecontracting.com,Florence,South Carolina,Plumbing,67748000,273,,Rejected,REJECT,State outside target geography: South Carolina,0.0,2026-07-13T21:43:40.136658+00:00,2026-07-13T21:43:40.136658+00:00,2027-01-09T21:43:40.136672+00:00,,,,,,Default,
RS Electric,rselectriccorp.com,www.rselectriccorp.com,Saint Joseph,Missouri,Electrical,159131000,250,,Rejected,REJECT,State outside target geography: Missouri,0.0,2026-07-13T21:53:26.568454+00:00,2026-07-13T21:53:26.568454+00:00,2027-01-09T21:53:26.568468+00:00,,,,,,Default,
Redi Services,rediservicesllc.com,www.rediservicesllc.com,Lyman,Wyoming,Electrical,102470000,561,,Rejected,REJECT,revenue $25M+ | target employee scale,28.0,2026-07-13T21:54:40.093019+00:00,2026-07-13T21:54:40.093019+00:00,2027-01-09T21:54:40.093031+00:00,,,,,,Default,
Reidhead Plumbing,reidheadplumbing.com,www.reidheadplumbing.com,Mesa,Arizona,Plumbing,40551000,180,,Qualified,ACCEPT,official-site residential home-service evidence | revenue $25M+ | target employee scale | current growth signals,86.0,2026-07-13T21:50:09.913265+00:00,2026-07-13T21:50:09.913265+00:00,,,,,,,Default,
Reilly Electrical Contractors,gorelco.com,www.gorelco.com,Easton,Massachusetts,Electrical,90390000,133,,Rejected,REJECT,State outside target geography: Massachusetts,0.0,2026-07-13T21:54:40.230443+00:00,2026-07-13T21:54:40.230443+00:00,2027-01-09T21:54:40.230457+00:00,,,,,,Default,
Rex Electric & Technologies,rexelectric.com,www.rexelectric.com,Chicago,Illinois,Electrical,76248000,338,,Rejected,REJECT,State outside target geography: Illinois,0.0,2026-07-13T21:55:24.000672+00:00,2026-07-13T21:55:24.000672+00:00,2027-01-09T21:55:24.000684+00:00,,,,,,Default,
RexMoore,rexmoore.com,www.rexmoore.com,Sacramento,California,Electrical,351362000,552,,Rejected,REJECT,State outside target geography: California,0.0,2026-07-13T21:51:20.977442+00:00,2026-07-13T21:51:20.977442+00:00,2027-01-09T21:51:20.977456+00:00,,,,,,Default,
Riddleberger Brothers,rbiva.net,www.rbiva.net,Mount Crawford,Virginia,Plumbing,337358000,530,,Rejected,REJECT,State outside target geography: Virginia,0.0,2026-07-13T21:38:49.562104+00:00,2026-07-13T21:38:49.562104+00:00,2027-01-09T21:38:49.562118+00:00,,,,,,Default,
"Rite Way Heating, Cooling & Plumbing",ritewayac.com,www.ritewayac.com,Tucson,Arizona,Plumbing,127942000,201,,Synced to HubSpot,REJECT,Already exists in imported HubSpot company index (Exact normalized company name; record 39366007960; source all-companies.csv).,0.0,2026-07-13T21:40:39.491798+00:00,2026-07-13T21:40:39.491798+00:00,,,,,,,Default,
Rooter Hero Plumbing,rooterhero.com,www.rooterhero.com,Mission Hills,California,Plumbing,190958000,298,,Rejected,REJECT,State outside target geography: California,0.0,2026-07-13T21:38:49.724243+00:00,2026-07-13T21:38:49.724243+00:00,2027-01-09T21:38:49.724257+00:00,,,,,,Default,
Rooter Ranger Plumbing,rooterranger.com,www.rooterranger.com,Phoenix,Arizona,Plumbing,42011000,66,,Qualified,ACCEPT,official-site residential home-service evidence | revenue $25M+ | target employee scale,83.0,2026-07-13T21:49:23.661000+00:00,2026-07-13T21:49:23.661000+00:00,,,,,,,Default,
Rottler Pest Solutions,rottler.com,www.rottler.com,St. Louis,Missouri,Pest Control,82485000,220,,Rejected,REJECT,State outside target geography: Missouri,0.0,2026-07-13T22:03:06.425375+00:00,2026-07-13T22:03:06.425375+00:00,2027-01-09T22:03:06.425389+00:00,,,,,,Default,
Royal Electric,royalelect.com,www.royalelect.com,Sacramento,California,Electrical,76185000,269,,Synced to HubSpot,REJECT,Already exists in imported HubSpot company index (Exact normalized company name; record 39352751284; source all-companies.csv).,0.0,2026-07-13T21:55:24.007624+00:00,2026-07-13T21:55:24.007624+00:00,,,,,,,Default,
S&S Mechanical,ssairconditioning.com,www.ssairconditioning.com,Saint George,Utah,Plumbing,68745000,108,,Qualified,ACCEPT,official-site residential home-service evidence | revenue $25M+ | target employee scale | current growth signals,86.0,2026-07-13T21:42:55.627804+00:00,2026-07-13T21:42:55.627804+00:00,,,,,,,Default,
S3H,s3hinc.com,www.s3hinc.com,Las Vegas,Nevada,Plumbing,150000000,359,,Rejected,REJECT,revenue $25M+ | target employee scale | current growth signals | excluded business-model evidence,0.0,2026-07-13T21:40:22.008728+00:00,2026-07-13T21:40:22.008728+00:00,2027-01-09T21:40:22.008740+00:00,,,,,,Default,
SCFS,scfacilityservices.com,www.scfacilityservices.com,Anaheim,California,Plumbing,95479000,150,,Rejected,REJECT,State outside target geography: California,0.0,2026-07-13T21:41:56.555721+00:00,2026-07-13T21:41:56.555721+00:00,2027-01-09T21:41:56.555731+00:00,,,,,,Default,
Saber Power,saberpower.com,www.saberpower.com,Rosharon,Texas,Electrical,445567000,700,,Rejected,REJECT,revenue $25M+ | target employee scale | current growth signals | excluded business-model evidence,0.0,2026-07-13T21:51:11.279171+00:00,2026-07-13T21:51:11.279171+00:00,2027-01-09T21:51:11.279182+00:00,,,,,,Default,
Saela Pest Control,saelapest.com,www.saelapest.com,Orem,Utah,Pest Control,133210000,650,,Qualified,ACCEPT,official-site residential home-service evidence | revenue $25M+ | target employee scale | current growth signals | visible marketing maturity,88.0,2026-07-13T22:02:26.181812+00:00,2026-07-13T22:02:26.181812+00:00,,,,,,,Default,
SageWater,sagewater.com,www.sagewater.com,Alexandria,Virginia,Plumbing,84657000,90,,Rejected,REJECT,State outside target geography: Virginia,0.0,2026-07-13T21:42:17.574972+00:00,2026-07-13T21:42:17.574972+00:00,2027-01-09T21:42:17.574987+00:00,,,,,,Default,
Sargent Electric,sargentelectric.com,www.sargentelectric.com,Pittsburgh,Pennsylvania,Electrical,380762000,1000,,Synced to HubSpot,REJECT,Already exists in imported HubSpot company index (Exact normalized company name; record 56111999094; source all-companies.csv).,0.0,2026-07-13T21:51:20.934416+00:00,2026-07-13T21:51:20.934416+00:00,,,,,,,Default,
Sasco,sasco.com,www.sasco.com,Fullerton,California,Electrical,316814000,508,,Rejected,REJECT,State outside target geography: California,0.0,2026-07-13T21:51:21.059915+00:00,2026-07-13T21:51:21.059915+00:00,2027-01-09T21:51:21.059928+00:00,,,,,,Default,
Sea-Tac Electric,seatacelectric.com,www.seatacelectric.com,Milton,Washington,Electrical,78929000,124,,Rejected,REJECT,State outside target geography: Washington,0.0,2026-07-13T21:55:11.583650+00:00,2026-07-13T21:55:11.583650+00:00,2027-01-09T21:55:11.583664+00:00,,,,,,Default,
Select Electric,selectelectricinc.com,www.selectelectricinc.com,Vista,California,Electrical,84022000,132,,Synced to HubSpot,REJECT,Already exists in imported HubSpot company index (Exact normalized company name; record 39366007942; source all-companies.csv).,0.0,2026-07-13T21:54:51.022863+00:00,2026-07-13T21:54:51.022863+00:00,,,,,,,Default,
Senske Services,senske.com,www.senske.com,Kennewick,Washington,Pest Control,170919000,834,,Synced to HubSpot,REJECT,Already exists in imported HubSpot company index (Exact normalized company name; record 31901864273; source all-companies.csv).,0.0,2026-07-13T22:02:09.506443+00:00,2026-07-13T22:02:09.506443+00:00,,,,,,,Default,
Sentry Electrical Group,sentryelec.com,www.sentryelec.com,Lawrenceville,Georgia,Electrical,67462000,335,,Rejected,REJECT,State outside target geography: Georgia,0.0,2026-07-13T21:57:50.457574+00:00,2026-07-13T21:57:50.457574+00:00,2027-01-09T21:57:50.457586+00:00,,,,,,Default,
Sequoyah Electric,sequoyah.com,www.sequoyah.com,Redmond,Washington,Electrical,83446000,272,,Rejected,REJECT,State outside target geography: Washington,0.0,2026-07-13T21:54:51.035504+00:00,2026-07-13T21:54:51.035504+00:00,2027-01-09T21:54:51.035518+00:00,,,,,,Default,
Service Champions,servicechampions.com,www.servicechampions.com,Brea,California,Plumbing,46791000,231,,Synced to HubSpot,REJECT,Already exists in imported HubSpot company index (Exact normalized company name; record 35846993475; source all-companies.csv).,0.0,2026-07-13T21:49:12.906328+00:00,2026-07-13T21:49:12.906328+00:00,,,,,,,Default,
Service Plus Now,serviceplusnow.com,www.serviceplusnow.com,Indianapolis,Indiana,Plumbing,50922000,80,,Rejected,REJECT,State outside target geography: Indiana,0.0,2026-07-13T21:47:23.150798+00:00,2026-07-13T21:47:23.150798+00:00,2027-01-09T21:47:23.150810+00:00,,,,,,Default,
Sexson Mechanical,sexsonmechanical.com,www.sexsonmechanical.com,Greenwood,Indiana,Plumbing,79566000,125,,Rejected,REJECT,State outside target geography: Indiana,0.0,2026-07-13T21:42:17.665121+00:00,2026-07-13T21:42:17.665121+00:00,2027-01-09T21:42:17.665136+00:00,,,,,,Default,
Shawver & Son,shawver.net,www.shawver.net,Oklahoma City,Oklahoma,Electrical,68740000,78,,Rejected,REJECT,revenue $25M+ | target employee scale | current growth signals | excluded business-model evidence,0.0,2026-07-13T21:57:50.426781+00:00,2026-07-13T21:57:50.426781+00:00,2027-01-09T21:57:50.426792+00:00,,,,,,Default,
ShureLine Electrical,shurelineelectrical.com,www.shurelineelectrical.com,Smyrna,Delaware,Electrical,66199000,104,,Rejected,REJECT,State outside target geography: Delaware,0.0,2026-07-13T21:57:50.507364+00:00,2026-07-13T21:57:50.507364+00:00,2027-01-09T21:57:50.507379+00:00,,,,,,Default,
Ski Hi Enterprises,skihi.com,www.skihi.com,Fort Worth,Texas,Plumbing,69664000,86,,Rejected,REJECT,revenue $25M+ | target employee scale | current growth signals | excluded business-model evidence,0.0,2026-07-13T21:42:46.141049+00:00,2026-07-13T21:42:46.141049+00:00,2027-01-09T21:42:46.141060+00:00,,,,,,Default,
Skyline Electric,skyline.us,www.skyline.us,Salt Lake City,Utah,Electrical,73154000,224,,Rejected,REJECT,official-site residential home-service evidence | revenue $25M+ | target employee scale | current growth signals | excluded business-model evidence,31.0,2026-07-13T21:56:05.594184+00:00,2026-07-13T21:56:05.594184+00:00,2027-01-09T21:56:05.594197+00:00,,,,,,Default,
Solar Landscape,solarlandscape.com,www.solarlandscape.com,Asbury Park,New Jersey,Electrical,154668000,200,,Synced to HubSpot,REJECT,Already exists in imported HubSpot company index (Exact normalized company name; record 39370038396; source all-companies.csv).,0.0,2026-07-13T21:53:26.627149+00:00,2026-07-13T21:53:26.627149+00:00,,,,,,,Default,
South Central Electric,scelectricllc.com,www.scelectricllc.com,Houston,Texas,Electrical,82749000,130,,Rejected,REJECT,supporting residential home-service evidence | revenue $25M+ | target employee scale | current growth signals | visible marketing maturity | excluded business-model evidence,24.0,2026-07-13T21:55:11.490994+00:00,2026-07-13T21:55:11.490994+00:00,2027-01-09T21:55:11.491006+00:00,,,,,,Default,
South End Plumbing,southendplumbingllc.com,www.southendplumbingllc.com,Matthews,North Carolina,Plumbing,47740000,75,,Synced to HubSpot,REJECT,Already exists in imported HubSpot company index (Exact normalized company name; record 55165743990; source all-companies.csv).,0.0,2026-07-13T21:49:12.880978+00:00,2026-07-13T21:49:12.880978+00:00,,,,,,,Default,
Southeast Mechanical,southeast-mechanical.com,www.southeast-mechanical.com,,North Carolina,Plumbing,190958000,300,,Rejected,REJECT,State outside target geography: North Carolina,0.0,2026-07-13T21:38:49.711482+00:00,2026-07-13T21:38:49.711482+00:00,2027-01-09T21:38:49.711496+00:00,,,,,,Default,
Sprague Pest Solutions,spraguepest.com,www.spraguepest.com,Tacoma,Washington,Pest Control,109438000,534,,Rejected,REJECT,State outside target geography: Washington,0.0,2026-07-13T22:02:54.200565+00:00,2026-07-13T22:02:54.200565+00:00,2027-01-09T22:02:54.200580+00:00,,,,,,Default,
Staff Electric,staffelectric.com,www.staffelectric.com,Monona,Wisconsin,Electrical,112109000,421,,Synced to HubSpot,REJECT,Already exists in imported HubSpot company index (Exact normalized company name; record 55463483999; source all-companies.csv).,0.0,2026-07-13T21:54:15.909677+00:00,2026-07-13T21:54:15.909677+00:00,,,,,,,Default,
Stark Exterminators,starkexterminators.com,www.starkexterminators.com,Atlanta,Georgia,Pest Control,105010000,61,,Rejected,REJECT,State outside target geography: Georgia,0.0,2026-07-13T22:02:54.234775+00:00,2026-07-13T22:02:54.234775+00:00,2027-01-09T22:02:54.234790+00:00,,,,,,Default,
Stones River Electric,stonesriverelectric.com,www.stonesriverelectric.com,Madison,Tennessee,Electrical,88001000,302,,Synced to HubSpot,REJECT,Already exists in imported HubSpot company index (Exact normalized company name; record 39364769643; source all-companies.csv).,0.0,2026-07-13T21:54:40.248416+00:00,2026-07-13T21:54:40.248416+00:00,,,,,,,Default,
SullyMac,sullymac.com,www.sullymac.com,Boston,Massachusetts,Electrical,318262000,500,,Rejected,REJECT,State outside target geography: Massachusetts,0.0,2026-07-13T21:51:21.037092+00:00,2026-07-13T21:51:21.037092+00:00,2027-01-09T21:51:21.037106+00:00,,,,,,Default,
Superior Electric Great Lakes,seglc.com,www.seglc.com,Troy,Michigan,Electrical,127305000,200,,Synced to HubSpot,REJECT,Already exists in imported HubSpot company index (Exact normalized company name; record 39401217379; source all-companies.csv).,0.0,2026-07-13T21:53:40.320089+00:00,2026-07-13T21:53:40.320089+00:00,,,,,,,Default,
Superior Plumbing,superiorplumbing.com,www.superiorplumbing.com,Kennesaw,Georgia,Plumbing,67126000,72,,Rejected,REJECT,State outside target geography: Georgia,0.0,2026-07-13T21:43:40.154599+00:00,2026-07-13T21:43:40.154599+00:00,2027-01-09T21:43:40.154614+00:00,,,,,,Default,
Superior Water and Air,superiorwaterandair.com,www.superiorwaterandair.com,Salt Lake City,Utah,Plumbing,50016000,115,,Synced to HubSpot,REJECT,Already exists in imported HubSpot company index (Exact normalized company name; record 56475211294; source all-companies.csv).,0.0,2026-07-13T21:48:21.681637+00:00,2026-07-13T21:48:21.681637+00:00,,,,,,,Default,
TARGET SPECIALTY PRODUCTS,target-specialty.com,www.target-specialty.com,Santa Fe Springs,California,Pest Control,231472000,313,,Rejected,REJECT,State outside target geography: California,0.0,2026-07-13T21:58:52.518116+00:00,2026-07-13T21:58:52.518116+00:00,2027-01-09T21:58:52.518132+00:00,,,,,,Default,
TEGG,tegg.com,www.tegg.com,Canonsburg,Pennsylvania,Electrical,122144000,457,,Rejected,REJECT,State outside target geography: Pennsylvania,0.0,2026-07-13T21:54:13.429127+00:00,2026-07-13T21:54:13.429127+00:00,2027-01-09T21:54:13.429141+00:00,,,,,,Default,
TG Gallagher,tggallagher.com,www.tggallagher.com,Waltham,Massachusetts,Plumbing,180848000,400,,Rejected,REJECT,State outside target geography: Massachusetts,0.0,2026-07-13T21:40:03.621063+00:00,2026-07-13T21:40:03.621063+00:00,2027-01-09T21:40:03.621077+00:00,,,,,,Default,
TLC Plumbing & Utility,tlcplumbing.com,www.tlcplumbing.com,Albuquerque,New Mexico,Electrical,253575000,600,,Synced to HubSpot,REJECT,Already exists in imported HubSpot company index (Exact normalized company name; record 39351974937; source all-companies.csv).,0.0,2026-07-13T21:38:49.622982+00:00,2026-07-13T21:51:31.682268+00:00,,,,,,,Default,
TP Mechanical,tpmechanical.com,www.tpmechanical.com,Cincinnati,Ohio,Plumbing,50000000,354,,Rejected,REJECT,State outside target geography: Ohio,0.0,2026-07-13T21:48:21.697890+00:00,2026-07-13T21:48:21.697890+00:00,2027-01-09T21:48:21.697903+00:00,,,,,,Default,
Teague Electric,teagueelectric.com,www.teagueelectric.com,Lenexa,Kansas,Electrical,104390000,164,,Rejected,REJECT,State outside target geography: Kansas,0.0,2026-07-13T21:54:15.997451+00:00,2026-07-13T21:54:15.997451+00:00,2027-01-09T21:54:15.997463+00:00,,,,,,Default,
Temp-Con,tempconkc.com,www.tempconkc.com,Olathe,Kansas,Plumbing,55057000,160,,Rejected,REJECT,State outside target geography: Kansas,0.0,2026-07-13T21:46:27.280154+00:00,2026-07-13T21:46:27.280154+00:00,2027-01-09T21:46:27.280170+00:00,,,,,,Default,
Tempo Air,tempoair.com,www.tempoair.com,Irving,Texas,Plumbing,43269000,287,,Synced to HubSpot,REJECT,Already exists in imported HubSpot company index (Exact normalized company name; record 55463451827; source all-companies.csv).,0.0,2026-07-13T21:49:12.979179+00:00,2026-07-13T21:49:12.979179+00:00,,,,,,,Default,
The Bosworth,bosworthco.com,www.bosworthco.com,Midland,Texas,Electrical,81876000,340,,Synced to HubSpot,REJECT,Already exists in imported HubSpot company index (Exact normalized company name; record 54183112872; source all-companies.csv).,0.0,2026-07-13T21:42:17.595259+00:00,2026-07-13T21:55:11.497151+00:00,,,,,,,Default,
The Sack Company,hasack.com,www.hasack.com,Statesboro,Georgia,Electrical,126729000,297,,Synced to HubSpot,REJECT,Already exists in imported HubSpot company index (Exact normalized company name; record 53535748478; source all-companies.csv).,0.0,2026-07-13T21:40:39.538015+00:00,2026-07-13T21:53:40.354584+00:00,,,,,,,Default,
The Tri-M Group,tri-mgroup.com,www.tri-mgroup.com,Lock Haven,Pennsylvania,Electrical,76170000,306,,Rejected,REJECT,State outside target geography: Pennsylvania,0.0,2026-07-13T21:55:24.020351+00:00,2026-07-13T21:55:24.020351+00:00,2027-01-09T21:55:24.020365+00:00,,,,,,Default,
Tiger Electric,tigerelectric.com,www.tigerelectric.com,Rancho Cucamonga,California,Electrical,66199000,104,,Rejected,REJECT,State outside target geography: California,0.0,2026-07-13T21:57:50.495288+00:00,2026-07-13T21:57:50.495288+00:00,2027-01-09T21:57:50.495300+00:00,,,,,,Default,
Top Shelf Electric,topshelfelectric.com,www.topshelfelectric.com,Iselin,New Jersey,Electrical,117265000,499,,Rejected,REJECT,State outside target geography: New Jersey,0.0,2026-07-13T21:54:13.453162+00:00,2026-07-13T21:54:13.453162+00:00,2027-01-09T21:54:13.453172+00:00,,,,,,Default,
Torgeson Electric,torgesonelectric.com,www.torgesonelectric.com,Topeka,Kansas,Electrical,105000000,87,,Rejected,REJECT,State outside target geography: Kansas,0.0,2026-07-13T21:54:15.973210+00:00,2026-07-13T21:54:15.973210+00:00,2027-01-09T21:54:15.973228+00:00,,,,,,Default,
Turner Pest Control,turnerpest.com,www.turnerpest.com,Jacksonville,Florida,Pest Control,102470000,500,,Rejected,REJECT,State outside target geography: Florida,0.0,2026-07-13T22:02:54.265723+00:00,2026-07-13T22:02:54.265723+00:00,2027-01-09T22:02:54.265736+00:00,,,,,,Default,
U.S. Information Systems,usis.net,www.usis.net,Pearl River,New York,Electrical,236449000,622,,Rejected,REJECT,State outside target geography: New York,0.0,2026-07-13T21:52:06.482770+00:00,2026-07-13T21:52:06.482770+00:00,2027-01-09T21:52:06.482779+00:00,,,,,,Default,
United Air Temp,unitedairtemp.com,www.unitedairtemp.com,Springfield,Virginia,Plumbing,54120000,258,,Synced to HubSpot,REJECT,Already exists in imported HubSpot company index (Exact normalized company name; record 31919834169; source all-companies.csv).,0.0,2026-07-13T21:46:39.324119+00:00,2026-07-13T21:46:39.324119+00:00,,,,,,,Default,
"United Heating, Cooling & Plumbing",unitedheating.com,www.unitedheating.com,Grandview,Missouri,Plumbing,69875000,327,,Rejected,REJECT,State outside target geography: Missouri,0.0,2026-07-13T21:42:34.023732+00:00,2026-07-13T21:42:34.023732+00:00,2027-01-09T21:42:34.023747+00:00,,,,,,Default,
United Mechanical,umi1.com,www.umi1.com,San Jose,California,Plumbing,203688000,320,,Rejected,REJECT,State outside target geography: California,0.0,2026-07-13T21:38:49.667577+00:00,2026-07-13T21:38:49.667577+00:00,2027-01-09T21:38:49.667595+00:00,,,,,,Default,
United Mechanical,umihvac.com,www.umihvac.com,Fort Myers,Florida,Plumbing,72141000,244,,Rejected,REJECT,State outside target geography: Florida,0.0,2026-07-13T21:42:33.941316+00:00,2026-07-13T21:42:33.941316+00:00,2027-01-09T21:42:33.941333+00:00,,,,,,Default,
University Mechanical & Engineering Contractors,umec-ca.com,www.umec-ca.com,El Cajon,California,Plumbing,56376000,169,,Rejected,REJECT,State outside target geography: California,0.0,2026-07-13T21:46:27.260966+00:00,2026-07-13T21:46:27.260966+00:00,2027-01-09T21:46:27.260979+00:00,,,,,,Default,
Valley Electric,velectric.com,www.velectric.com,Seattle,Washington,Electrical,152000000,271,,Rejected,REJECT,State outside target geography: Washington,0.0,2026-07-13T21:53:26.639716+00:00,2026-07-13T21:53:26.639716+00:00,2027-01-09T21:53:26.639730+00:00,,,,,,Default,
VarcoMac Electrical Construction,varcomac.com,www.varcomac.com,Odenton,Maryland,Electrical,413741000,650,,Rejected,REJECT,State outside target geography: Maryland,0.0,2026-07-13T21:51:20.910826+00:00,2026-07-13T21:51:20.910826+00:00,2027-01-09T21:51:20.910836+00:00,,,,,,Default,
Varney,varneyinc.com,www.varneyinc.com,Roanoke,Virginia,Plumbing,38276000,137,,Rejected,REJECT,State outside target geography: Virginia,0.0,2026-07-13T21:50:35.912626+00:00,2026-07-13T21:50:35.912626+00:00,2027-01-09T21:50:35.912644+00:00,,,,,,Default,
Vaughn Industries,vaughnindustries.com,www.vaughnindustries.com,Carey,Ohio,Electrical,317121000,550,,Rejected,REJECT,State outside target geography: Ohio,0.0,2026-07-13T21:51:21.048527+00:00,2026-07-13T21:51:21.048527+00:00,2027-01-09T21:51:21.048541+00:00,,,,,,Default,
Village Plumbing,villageplumbing.com,www.villageplumbing.com,Houston,Texas,Plumbing,59834000,94,,Qualified,ACCEPT,official-site residential home-service evidence | revenue $25M+ | target employee scale | current growth signals,86.0,2026-07-13T21:45:01.131231+00:00,2026-07-13T21:45:01.131231+00:00,,,,,,,Default,
Villara Building Systems,villara.com,www.villara.com,Mcclellan,California,Plumbing,74880000,693,,Synced to HubSpot,REJECT,Already exists in imported HubSpot company index (Exact normalized company name; record 55933453177; source all-companies.csv).,0.0,2026-07-13T21:42:32.028062+00:00,2026-07-13T21:42:32.028062+00:00,,,,,,,Default,
Voltyx,voltyx.com,www.voltyx.com,Maryland Heights,Missouri,Electrical,84911000,313,,Rejected,REJECT,State outside target geography: Missouri,0.0,2026-07-13T21:54:51.015185+00:00,2026-07-13T21:54:51.015185+00:00,2027-01-09T21:54:51.015213+00:00,,,,,,Default,
Vos Electric,voselectric.com,www.voselectric.com,Green Bay,Wisconsin,Electrical,112971000,474,,Rejected,REJECT,State outside target geography: Wisconsin,0.0,2026-07-13T21:54:15.891829+00:00,2026-07-13T21:54:15.891829+00:00,2027-01-09T21:54:15.891842+00:00,,,,,,Default,
W. Bradley Electric,wbeinc.com,www.wbeinc.com,Novato,California,Electrical,106000000,322,,Rejected,REJECT,State outside target geography: California,0.0,2026-07-13T21:54:15.960119+00:00,2026-07-13T21:54:15.960119+00:00,2027-01-09T21:54:15.960131+00:00,,,,,,Default,
WB Moore,wbmoore.com,www.wbmoore.com,Charlotte,North Carolina,Electrical,143854000,308,,Rejected,REJECT,State outside target geography: North Carolina,0.0,2026-07-13T21:53:40.194012+00:00,2026-07-13T21:53:40.194012+00:00,2027-01-09T21:53:40.194021+00:00,,,,,,Default,
WDF,wdfinc.net,www.wdfinc.net,Mount Vernon,New York,Plumbing,150000000,621,,Synced to HubSpot,REJECT,Already exists in imported HubSpot company index (Exact normalized company name; record 53533619781; source all-companies.csv).,0.0,2026-07-13T21:40:03.703042+00:00,2026-07-13T21:40:03.703042+00:00,,,,,,,Default,
Walton & Company,waltonco.com,www.waltonco.com,York,Pennsylvania,Plumbing,151493000,260,,Rejected,REJECT,State outside target geography: Pennsylvania,0.0,2026-07-13T21:40:03.692264+00:00,2026-07-13T21:40:03.692264+00:00,2027-01-09T21:40:03.692274+00:00,,,,,,Default,
Watson Electrical,watsonelec.com,www.watsonelec.com,Wilson,North Carolina,Electrical,158013000,585,,Rejected,REJECT,State outside target geography: North Carolina,0.0,2026-07-13T21:53:26.580120+00:00,2026-07-13T21:53:26.580120+00:00,2027-01-09T21:53:26.580136+00:00,,,,,,Default,
Way Engineering,wayeng.com,www.wayeng.com,Houston,Texas,Plumbing,60907000,164,,Rejected,REJECT,revenue $25M+ | target employee scale | visible marketing maturity | excluded business-model evidence,0.0,2026-07-13T21:44:44.131288+00:00,2026-07-13T21:44:44.131288+00:00,2027-01-09T21:44:44.131299+00:00,,,,,,Default,
Weifield Group,weifieldcontracting.com,www.weifieldcontracting.com,Centennial,Colorado,Electrical,477393000,750,,Rejected,REJECT,revenue $25M+ | target employee scale | excluded business-model evidence,0.0,2026-07-13T21:50:58.487774+00:00,2026-07-13T21:50:58.487774+00:00,2027-01-09T21:50:58.487789+00:00,,,,,,Default,
West-Fair Electric Contractors,west-fair.com,www.west-fair.com,Hawthorne,New York,Electrical,72564000,113,,Rejected,REJECT,State outside target geography: New York,0.0,2026-07-13T21:56:05.607026+00:00,2026-07-13T21:56:05.607026+00:00,2027-01-09T21:56:05.607040+00:00,,,,,,Default,
Westbrook Service,westbrookfl.com,www.westbrookfl.com,Orlando,Florida,Electrical,93630000,196,,Synced to HubSpot,REJECT,Already exists in imported HubSpot company index (Exact normalized company name; record 56134492690; source all-companies.csv).,0.0,2026-07-13T21:54:40.201147+00:00,2026-07-13T21:54:40.201147+00:00,,,,,,,Default,
Western Exterminator,westernexterminator.com,www.westernexterminator.com,Sacramento,California,Pest Control,126087000,874,,Rejected,REJECT,State outside target geography: California,0.0,2026-07-13T22:02:54.166604+00:00,2026-07-13T22:02:54.166604+00:00,2027-01-09T22:02:54.166618+00:00,,,,,,Default,
Western Pest Services,westernpest.com,www.westernpest.com,Parsippany,New Jersey,Pest Control,150019000,513,,Rejected,REJECT,State outside target geography: New Jersey,0.0,2026-07-13T22:02:09.537695+00:00,2026-07-13T22:02:09.537695+00:00,2027-01-09T22:02:09.537709+00:00,,,,,,Default,
Westphal,westphalec.com,www.westphalec.com,Madison,Wisconsin,Electrical,115586000,383,,Rejected,REJECT,State outside target geography: Wisconsin,0.0,2026-07-13T21:54:13.475078+00:00,2026-07-13T21:54:13.475078+00:00,2027-01-09T21:54:13.475094+00:00,,,,,,Default,
Wil-Kil Pest Control,wil-kil.com,www.wil-kil.com,Appleton,Wisconsin,Pest Control,58318000,145,,Rejected,REJECT,State outside target geography: Wisconsin,0.0,2026-07-13T22:04:07.880972+00:00,2026-07-13T22:04:07.880972+00:00,2027-01-09T22:04:07.880986+00:00,,,,,,Default,
Williams Comfort Air,williamscomfortair.com,www.williamscomfortair.com,Indianapolis,Indiana,Plumbing,61093000,150,,Synced to HubSpot,REJECT,Already exists in imported HubSpot company index (Exact normalized company name; record 39363841824; source all-companies.csv).,0.0,2026-07-13T21:44:34.330080+00:00,2026-07-13T21:44:34.330080+00:00,,,,,,,Default,
Willmar Electric Service,willmarelectric.com,www.willmarelectric.com,Lincoln,Nebraska,Electrical,112134000,120,,Rejected,REJECT,State outside target geography: Nebraska,0.0,2026-07-13T21:54:15.903611+00:00,2026-07-13T21:54:15.903611+00:00,2027-01-09T21:54:15.903625+00:00,,,,,,Default,
Wilson Electric,wilsonelectric.net,www.wilsonelectric.net,Tempe,Arizona,Electrical,77907000,496,,Rejected,REJECT,revenue $25M+ | target employee scale | current growth signals | excluded business-model evidence,0.0,2026-07-13T21:55:23.962471+00:00,2026-07-13T21:55:23.962471+00:00,2027-01-09T21:55:23.962488+00:00,,,,,,Default,
Wilson Plumbing & Heating,wilsonplumbingandheating.com,www.wilsonplumbingandheating.com,Akron,Ohio,Plumbing,38192000,60,,Rejected,REJECT,State outside target geography: Ohio,0.0,2026-07-13T21:50:35.956263+00:00,2026-07-13T21:50:35.956263+00:00,2027-01-09T21:50:35.956282+00:00,,,,,,Default,
Wind River Environmental,wrenvironmental.com,www.wrenvironmental.com,Marlborough,Massachusetts,Plumbing,59823000,559,,Rejected,REJECT,State outside target geography: Massachusetts,0.0,2026-07-13T21:45:30.320873+00:00,2026-07-13T21:45:30.320873+00:00,2027-01-09T21:45:30.320888+00:00,,,,,,Default,
Winger Contracting,wingercompanies.com,www.wingercompanies.com,Ottumwa,Iowa,Plumbing,45074000,223,,Rejected,REJECT,State outside target geography: Iowa,0.0,2026-07-13T21:49:12.958389+00:00,2026-07-13T21:49:12.958389+00:00,2027-01-09T21:49:12.958402+00:00,,,,,,Default,
Yearout,yearout.com,www.yearout.com,Albuquerque,New Mexico,Plumbing,93237000,123,,Rejected,REJECT,revenue $25M+ | target employee scale | excluded business-model evidence,0.0,2026-07-13T21:42:17.519319+00:00,2026-07-13T21:42:17.519319+00:00,2027-01-09T21:42:17.519334+00:00,,,,,,Default,
Yes! Air Conditioning and Plumbing,theyesmancan.com,www.theyesmancan.com,Las Vegas,Nevada,Plumbing,63653000,100,,Synced to HubSpot,REJECT,Already exists in imported HubSpot company index (Exact normalized company name; record 54263819064; source all-companies.csv).,0.0,2026-07-13T21:43:40.241647+00:00,2026-07-13T21:43:40.241647+00:00,,,,,,,Default,
Zenith Systems,zenithsystems.com,www.zenithsystems.com,Cleveland,Ohio,Electrical,85183000,278,,Rejected,REJECT,State outside target geography: Ohio,0.0,2026-07-13T21:54:51.003537+00:00,2026-07-13T21:54:51.003537+00:00,2027-01-09T21:54:51.003552+00:00,,,,,,Default,
iSun,isunenergy.com,www.isunenergy.com,Williston,Vermont,Electrical,95683000,275,,Rejected,REJECT,State outside target geography: Vermont,0.0,2026-07-13T21:54:40.158642+00:00,2026-07-13T21:54:40.158642+00:00,2027-01-09T21:54:40.158657+00:00,,,,,,Default,
